{
    "T": [
        50.0,
        60.0,
        70.0,
        80.0,
        90.0
    ],
    "valueVeffReal": [
        -2055240.6407079105,
        -1635165.5537441217,
        -1296258.8122022236,
        -1015115.1434441969,
        -779479.5401513088
    ],
    "valueVeffImag": [
        null,
        null,
        null,
        null,
        null
    ],
    "complex": false,
    "minimumLocation": [
        [
            -0.0002585454431843076,
            0.000611308205277411,
            0.0003109449507503331,
            0.00019252318396997467,
            0.0001519412642935758
        ],
        [
            0.0001,
            0.0001,
            0.0001,
            0.0001,
            0.0001
        ],
        [
            33.98564105028859,
            30.965995076822093,
            28.327184814623894,
            25.904209678383786,
            23.586265110538097
        ]
    ],
    "bIsPerturbative": true,
    "UltraSoftTemp": null,
    "failureReason": null
}