{
    "T": [
        50.0,
        60.0,
        70.0,
        80.0,
        90.0,
        100.0
    ],
    "valueVeffReal": [
        -2055240.6375510618,
        -1635165.5616984703,
        -1296258.8187452536,
        -1015115.147799884,
        -779479.543464225,
        -582952.8018148703
    ],
    "valueVeffImag": [
        null,
        null,
        null,
        null,
        null,
        null
    ],
    "complex": false,
    "minimumLocation": [
        [
            -0.0002585441208207834,
            0.0005538291534777778,
            0.00031093973383757717,
            0.000192511288863835,
            -0.0001193303884998928,
            -4.307597988603695e-05
        ],
        [
            0.0001,
            0.0001,
            0.0001,
            0.0001,
            0.0001,
            0.000304520130472439
        ],
        [
            33.985641029804604,
            30.96652423513774,
            28.327184876743985,
            25.90420974071748,
            23.586097242123707,
            21.284096002934987
        ]
    ],
    "bIsPerturbative": true,
    "UltraSoftTemp": null,
    "failureReason": null
}