{
    "failureReason": null,
    "bIsPerturbative": true,
    "complexMin": false,
    "jumpsv1": [],
    "jumpsv2": [],
    "jumpsv3": [
        [
            -0.8085343586087577,
            50.0
        ],
        [
            -0.6120149097616632,
            60.0
        ],
        [
            -0.489567484476074,
            70.0
        ],
        [
            -0.4099857475385966,
            80.0
        ],
        [
            -0.3577833463507285,
            90.0
        ]
    ],
    "strong": 0.8085343581084246,
    "UltraSoftTemp": null,
    "bmNumber": 1,
    "bmInput": {
        "thetaCPV": 2.0943951023931953,
        "ghDM": 0.0,
        "mS1": 67,
        "delta12": 4.0,
        "delta1c": 50.0,
        "deltac": 1.0,
        "darkHieracy": 1
    },
    "step": 1
}