{
    "T": [
        50.0,
        60.0,
        70.0,
        80.0,
        90.0,
        100.0
    ],
    "valueVeffReal": [
        -2055240.6375510623,
        -1635165.5623291277,
        -1296258.8187452536,
        -1015115.147799884,
        -779479.5434642249,
        -582952.8018148742
    ],
    "valueVeffImag": [
        null,
        null,
        null,
        null,
        null,
        null
    ],
    "complex": false,
    "minimumLocation": [
        [
            -0.0002585441177488934,
            -5.4373162234923333e-05,
            0.00031093973114684065,
            0.0001925112861463768,
            -0.00011933039107607513,
            -4.307648903101053e-05
        ],
        [
            0.0001,
            0.0001,
            0.0001,
            0.0001,
            0.0001,
            0.0003045215660705789
        ],
        [
            33.98564102980785,
            30.966414141525753,
            28.327184876745427,
            25.904209740715153,
            23.586097242124264,
            21.284096000495595
        ]
    ],
    "bIsPerturbative": true,
    "UltraSoftTemp": null,
    "failureReason": null
}