{
    "failureReason": null,
    "bIsPerturbative": true,
    "complexMin": false,
    "jumpsv1": [],
    "jumpsv2": [],
    "jumpsv3": [
        [
            -0.8086026765224266,
            50.0
        ],
        [
            -0.6119466021697351,
            60.0
        ],
        [
            -0.48956507315046593,
            70.0
        ],
        [
            -0.4099704565525024,
            80.0
        ]
    ],
    "strong": 0.8086026758824629,
    "UltraSoftTemp": null,
    "bmNumber": 1,
    "bmInput": {
        "thetaCPV": 2.0943951023931953,
        "ghDM": 0.0,
        "mS1": 67,
        "delta12": 4.0,
        "delta1c": 50.0,
        "deltac": 1.0,
        "darkHieracy": 1
    },
    "step": 1
}