{
    "T": [
        50.0,
        60.0,
        70.0,
        80.0,
        90.0,
        100.0
    ],
    "valueVeffReal": [
        -2055240.6307398565,
        -1635165.5555132413,
        -1296258.8141292585,
        -1015115.1440069316,
        -779479.5401203731,
        -582952.7946543677
    ],
    "valueVeffImag": [
        null,
        null,
        null,
        null,
        null,
        null
    ],
    "complex": false,
    "minimumLocation": [
        [
            0.00012213495401618146,
            0.00023600509916129123,
            0.0003109434109843656,
            -1.5305877108226507e-05,
            0.00015194044367086712,
            0.00025745021779028515
        ],
        [
            0.0001,
            0.0001,
            0.0001,
            0.0001,
            0.0001,
            0.0001
        ],
        [
            33.98575018842141,
            30.966104071138584,
            28.327184832895245,
            25.90423100643259,
            23.586265110374953,
            21.282683701122576
        ]
    ],
    "bIsPerturbative": true,
    "UltraSoftTemp": null,
    "failureReason": null
}