{
    "failureReason": null,
    "bIsPerturbative": true,
    "complexMin": false,
    "jumpsv1": [],
    "jumpsv2": [],
    "jumpsv3": [
        [
            -0.8086040522086426,
            50.0
        ],
        [
            -0.6119606587623392,
            60.0
        ],
        [
            -0.48956510165591816,
            70.0
        ],
        [
            -0.40997043025046676,
            80.0
        ]
    ],
    "strong": 0.8086040521234472,
    "UltraSoftTemp": null,
    "bmNumber": 1,
    "bmInput": {
        "thetaCPV": 2.0943951023931953,
        "ghDM": 0.0,
        "mS1": 67,
        "delta12": 4.0,
        "delta1c": 50.0,
        "deltac": 1.0,
        "darkHieracy": 1
    },
    "step": 1
}