{
    "T": [
        50.0,
        60.0,
        70.0,
        80.0,
        90.0
    ],
    "valueVeffReal": [
        -2055240.640707911,
        -1635165.5537440511,
        -1296258.8122022236,
        -1015115.1434681297,
        -779479.5401513085
    ],
    "valueVeffImag": [
        null,
        null,
        null,
        null,
        null
    ],
    "complex": false,
    "minimumLocation": [
        [
            -0.0002585454346675925,
            0.0006113150810788115,
            0.0003109449477120482,
            0.00016471969631287608,
            0.0001519411790921743
        ],
        [
            0.0001,
            0.0001,
            0.0001,
            0.0001,
            0.0001
        ],
        [
            33.98564105029119,
            30.965995069295904,
            28.327184814626168,
            25.90423124186264,
            23.58626511056321
        ]
    ],
    "bIsPerturbative": true,
    "UltraSoftTemp": null,
    "failureReason": null
}