{
    "T": [
        50.0,
        60.0,
        70.0,
        80.0,
        90.0
    ],
    "valueVeffReal": [
        -2055240.6407079108,
        -1635165.553743999,
        -1296258.8122022238,
        -1015115.1435356116,
        -779479.5401513085
    ],
    "valueVeffImag": [
        null,
        null,
        null,
        null,
        null
    ],
    "complex": false,
    "minimumLocation": [
        [
            -0.0002585454311715002,
            0.0006113203598708261,
            0.00031094494510516824,
            1.186691520410621e-06,
            0.00015194091838549584
        ],
        [
            0.0001,
            0.0001,
            0.0001,
            0.0001,
            0.0001
        ],
        [
            33.985641050287654,
            30.965995063930727,
            28.327184814625333,
            25.904210443970857,
            23.586265110644312
        ]
    ],
    "bIsPerturbative": true,
    "UltraSoftTemp": null,
    "failureReason": null
}