{
    "T": [
        50.0,
        60.0,
        70.0,
        80.0,
        90.0
    ],
    "valueVeffReal": [
        -2055240.6406931672,
        -1635165.5537441217,
        -1296258.8122022236,
        -1015115.1434613705,
        -779479.5401513089
    ],
    "valueVeffImag": [
        null,
        null,
        null,
        null,
        null
    ],
    "complex": false,
    "minimumLocation": [
        [
            -0.0002720839202502573,
            0.000611308205277411,
            0.0003109449481139698,
            0.00017209583388361205,
            0.00015194124032702483
        ],
        [
            0.0001,
            0.0001,
            0.0001,
            0.0001,
            0.0001
        ],
        [
            33.98563714173757,
            30.965995076822093,
            28.32718481462379,
            25.904234545433667,
            23.586265110546023
        ]
    ],
    "bIsPerturbative": true,
    "UltraSoftTemp": null,
    "failureReason": null
}