{
    "failureReason": null,
    "bIsPerturbative": true,
    "complexMin": false,
    "jumpsv1": [],
    "jumpsv2": [],
    "jumpsv3": [
        [
            -0.8085485716334087,
            50.0
        ],
        [
            -0.6120006967372991,
            60.0
        ],
        [
            -0.4895674844765061,
            70.0
        ],
        [
            -0.4099857475382782,
            80.0
        ],
        [
            -0.35778334659472666,
            90.0
        ]
    ],
    "strong": 0.8085485717662855,
    "UltraSoftTemp": null,
    "bmNumber": 1,
    "bmInput": {
        "thetaCPV": 2.0943951023931953,
        "ghDM": 0.0,
        "mS1": 67,
        "delta12": 4.0,
        "delta1c": 50.0,
        "deltac": 1.0,
        "darkHieracy": 1
    },
    "step": 1
}