{
    "badReason": "",
    "bIsPerturbative": true,
    "jumpsv1": [],
    "jumpsv2": [],
    "jumpsv3": [
        [
            -0.8079257923562335,
            50.0
        ],
        [
            -0.6120242566282541,
            60.0
        ],
        [
            -0.48950762013116034,
            70.0
        ],
        [
            -0.40969571596922005,
            80.0
        ],
        [
            -0.35739969259978555,
            90.0
        ]
    ],
    "strong": 0.8079257922930729,
    "bmNumber": 1,
    "bmInput": {
        "thetaCPV": 2.0943951023931953,
        "ghDM": 0.0,
        "mS1": 67,
        "delta12": 4.0,
        "delta1c": 50.0,
        "deltac": 1.0,
        "darkHieracy": 1
    },
    "step": 1
}