{
    "T": [
        50.0,
        60.0,
        70.0,
        80.0,
        90.0,
        100.0
    ],
    "valueVeffReal": [
        -2054691.4215329557,
        -1635653.5868149695,
        -1296821.5236236043,
        -1015576.5033890343,
        -779826.1761480498,
        -583237.6784856333
    ],
    "valueVeffImag": [
        null,
        null,
        null,
        null,
        null,
        null
    ],
    "complex": false,
    "minimumLocation": [
        [
            -2.752039613695967e-06,
            0.0009005581213308526,
            -1.6564660469470943e-05,
            9.723142448173766e-05,
            -7.520639868828505e-06,
            0.00023517025843403094
        ],
        [
            0.0001,
            0.0001,
            0.0001,
            0.0001,
            0.0001,
            0.0001
        ],
        [
            33.9817023277936,
            30.970627669724315,
            28.332350509965316,
            25.90901709759877,
            23.590344320354895,
            21.287926572248573
        ]
    ],
    "bIsPerturbative": true,
    "UltraSoftTemp": null,
    "failureReason": null
}