{
    "failureReason": null,
    "bIsPerturbative": true,
    "complexMin": false,
    "jumpsv1": [],
    "jumpsv2": [],
    "jumpsv3": [
        [
            -0.8074475909017438,
            50.0
        ],
        [
            -0.6119272496297525,
            60.0
        ],
        [
            -0.4896474200135481,
            70.0
        ],
        [
            -0.4100727174513463,
            80.0
        ],
        [
            -0.3578507925105705,
            90.0
        ]
    ],
    "strong": 0.8074475892114097,
    "UltraSoftTemp": null,
    "bmNumber": 1,
    "bmInput": {
        "thetaCPV": 2.0943951023931953,
        "ghDM": 0.0,
        "mS1": 67,
        "delta12": 4.0,
        "delta1c": 50.0,
        "deltac": 1.0,
        "darkHieracy": 1
    },
    "step": 1
}