{
    "T": [
        50.0,
        60.0,
        70.0,
        80.0,
        90.0,
        100.0
    ],
    "vevDepthReal": [
        -2062984.7303411998,
        -1642325.7503214043,
        -1302427.4815396909,
        -1020415.5362268161,
        -784075.5910460146,
        -586980.9548793277
    ],
    "vevDepthImag": [
        0.0,
        0.0,
        0.0,
        0.0,
        0.0,
        0.0
    ],
    "vevLocation": [
        [
            -1.9085247199330732e-05,
            -7.480733164435226e-06,
            -0.00041322181158550547,
            0.0003586071112873096,
            0.0002595969336345316,
            1.0464947665794755e-06
        ],
        [
            0.0001,
            0.0001,
            0.0001,
            0.0001,
            0.0014820772636067877,
            0.0001
        ],
        [
            33.988479370797904,
            30.974041846429913,
            28.33530134510406,
            25.91367849859548,
            23.597987865291838,
            21.30141851658967
        ]
    ],
    "bIsPerturbative": [
        true,
        true,
        true,
        true,
        true,
        true
    ],
    "bIsBounded": []
}