{
    "badReason": "",
    "bIsPerturbative": true,
    "jumpsv1": [],
    "jumpsv2": [],
    "jumpsv3": [
        [
            -0.8079724407029207,
            50.0
        ],
        [
            -0.6120003746718665,
            60.0
        ],
        [
            -0.489484762127145,
            70.0
        ],
        [
            -0.4097527755175081,
            80.0
        ],
        [
            -0.3573426137014599,
            90.0
        ]
    ],
    "strong": 0.8079724404714201,
    "bmNumber": 1,
    "bmInput": {
        "thetaCPV": 2.0943951023931953,
        "ghDM": 0.0,
        "mS1": 67,
        "delta12": 4.0,
        "delta1c": 50.0,
        "deltac": 1.0,
        "darkHieracy": 1
    },
    "step": 1
}