{
    "T": [
        50.0,
        60.0,
        70.0,
        80.0,
        90.0,
        100.0
    ],
    "valueVeffReal": [
        -2054699.6693808257,
        -1635641.7114709942,
        -1296823.3000476062,
        -1015578.6774563366,
        -779828.3720681348,
        -583239.2412412099
    ],
    "valueVeffImag": [
        null,
        null,
        null,
        null,
        null,
        null
    ],
    "complex": false,
    "minimumLocation": [
        [
            1.2049747814619344e-05,
            1.6993606497324454e-05,
            0.00022302029595622566,
            0.00026251095728947044,
            -0.00011802820012620646,
            -0.00010007782932793322
        ],
        [
            0.0001,
            0.0001,
            0.0001,
            0.0001,
            0.0001,
            0.0001
        ],
        [
            33.9816463805941,
            30.97015961715226,
            28.332423302913416,
            25.908864210967007,
            23.590383429201648,
            21.288122035034217
        ]
    ],
    "bIsPerturbative": true,
    "UltraSoftTemp": null,
    "failureReason": null
}