{
    "T": [
        50.0,
        60.0,
        70.0,
        80.0,
        90.0,
        100.0
    ],
    "vevDepthReal": [
        -2062984.7303411993,
        -1642325.750321404,
        -1302427.4815396997,
        -1020415.5362268164,
        -784075.5910460146,
        -586980.9548793277
    ],
    "vevDepthImag": [
        0.0,
        0.0,
        0.0,
        0.0,
        0.0,
        0.0
    ],
    "vevLocation": [
        [
            -1.9085252168073163e-05,
            -7.480723299521652e-06,
            -0.00041322051652615405,
            0.00035860711250948474,
            0.0002595969197050005,
            1.0464888652618465e-06
        ],
        [
            0.0001,
            0.0001,
            0.0001,
            0.0001,
            0.0014820772415947146,
            0.0001
        ],
        [
            33.98847937079421,
            30.974041846781862,
            28.33530134733151,
            25.913678498593917,
            23.597987865288996,
            21.301418516586384
        ]
    ],
    "bIsPerturbative": [
        true,
        true,
        true,
        true,
        true,
        true
    ],
    "failureReason": false
}