{
    "T": [
        50.0,
        60.0,
        70.0,
        80.0,
        90.0,
        100.0
    ],
    "vevDepthReal": [
        -2062981.930391678,
        -1642329.7645947356,
        -1302426.8912348861,
        -1020414.8124824674,
        -784074.8606818989,
        -586980.4335093108
    ],
    "vevDepthImag": [
        0.0,
        0.0,
        0.0,
        0.0,
        0.0,
        0.0
    ],
    "vevLocation": [
        [
            8.350802799993867e-06,
            -0.00017424218669549914,
            -2.9537890643902e-06,
            0.0003586061721859435,
            -0.0007015038986230571,
            -7.800782800410078e-07
        ],
        [
            0.0001,
            0.0001,
            0.0001,
            0.0001,
            0.00023044559954657723,
            0.0001
        ],
        [
            33.988460623250035,
            30.974326878926036,
            28.33553449377315,
            25.91367129976293,
            23.598884222023912,
            21.301411200737565
        ]
    ],
    "bIsPerturbative": [
        true,
        true,
        true,
        true,
        true,
        true
    ],
    "bIsBounded": []
}