{
    "failureReason": null,
    "bIsPerturbative": true,
    "complexMin": false,
    "jumpsv1": [],
    "jumpsv2": [],
    "jumpsv3": [
        [
            -0.8075001040997383,
            50.0
        ],
        [
            -0.6118581238790819,
            60.0
        ],
        [
            -0.489673210564773,
            70.0
        ],
        [
            -0.4100543293443275,
            80.0
        ],
        [
            -0.35783254692893474,
            90.0
        ]
    ],
    "strong": 0.8075001040994043,
    "UltraSoftTemp": null,
    "bmNumber": 1,
    "bmInput": {
        "thetaCPV": 2.0943951023931953,
        "ghDM": 0.0,
        "mS1": 67,
        "delta12": 4.0,
        "delta1c": 50.0,
        "deltac": 1.0,
        "darkHieracy": 1
    },
    "step": 1
}