{
    "bmNumber": 1,
    "bmInput": {
        "thetaCPV": 2.0943951023931953,
        "ghDM": 0.0,
        "mS1": 67,
        "delta12": 4.0,
        "delta1c": 50.0,
        "deltac": 1.0,
        "darkHieracy": 1
    },
    "strong": 2.667237958064766,
    "results": {
        "v3": [
            [
                2.667237958064766,
                50.0
            ],
            [
                2.126056174385364,
                60.0
            ],
            [
                1.7538689873421205,
                70.0
            ],
            [
                1.4854189064644483,
                80.0
            ],
            [
                1.2845267554311872,
                90.0
            ]
        ]
    },
    "steps": 5,
    "bIsPerturbative": true
}