{
    "failureReason": null,
    "bIsPerturbative": true,
    "complexMin": false,
    "jumpsv1": [],
    "jumpsv2": [],
    "jumpsv3": [
        [
            -0.8074475909013454,
            50.0
        ],
        [
            -0.6119272496277186,
            60.0
        ],
        [
            -0.4896474168982867,
            70.0
        ],
        [
            -0.4100755450238145,
            80.0
        ],
        [
            -0.3578479707730855,
            90.0
        ]
    ],
    "strong": 0.8074475892110113,
    "UltraSoftTemp": null,
    "bmNumber": 1,
    "bmInput": {
        "thetaCPV": 2.0943951023931953,
        "ghDM": 0.0,
        "mS1": 67,
        "delta12": 4.0,
        "delta1c": 50.0,
        "deltac": 1.0,
        "darkHieracy": 1
    },
    "step": 1
}