{
    "bmNumber": 1,
    "bmInput": {
        "thetaCPV": 2.0943951023931953,
        "ghDM": 0.0,
        "mS1": 67,
        "delta12": 4.0,
        "delta1c": 50.0,
        "deltac": 1.0,
        "darkHieracy": 1
    },
    "strong": 2.6672383377288242,
    "results": {
        "v3": [
            [
                2.6672383377288242,
                50.0
            ],
            [
                2.1260556980751835,
                60.0
            ],
            [
                1.7538689873428233,
                70.0
            ],
            [
                1.4853013848576235,
                80.0
            ],
            [
                1.2846626441386795,
                90.0
            ]
        ]
    },
    "steps": 5,
    "bIsPerturbative": true
}