{
    "T": [
        50.0,
        60.0,
        70.0,
        80.0,
        90.0,
        100.0
    ],
    "valueVeffReal": [
        -2054691.4215329557,
        -1635653.5868149712,
        -1296821.523623603,
        -1015576.5033893349,
        -779826.1761484137,
        -583237.6784856683
    ],
    "valueVeffImag": [
        null,
        null,
        null,
        null,
        null,
        null
    ],
    "complex": false,
    "minimumLocation": [
        [
            -2.7523033118703744e-06,
            0.0009005580928029529,
            -1.6564632685053815e-05,
            9.660978010762877e-05,
            2.3415371893500958e-05,
            0.00023517288613882081
        ],
        [
            0.0001,
            0.0001,
            0.0001,
            0.0001,
            0.0001,
            0.0001
        ],
        [
            33.98170232779633,
            30.970627669724212,
            28.332350509948192,
            25.909017069716718,
            23.59037111548926,
            21.287926599425322
        ]
    ],
    "bIsPerturbative": true,
    "UltraSoftTemp": null,
    "failureReason": null
}