{
    "T": [
        50.0,
        60.0,
        70.0,
        80.0,
        90.0,
        100.0
    ],
    "vevDepthReal": [
        -2062981.930391676,
        -1642329.7645885944,
        -1302426.8912348845,
        -1020414.8124824669,
        -784074.8615425123,
        -586980.4335093105
    ],
    "vevDepthImag": [
        0.0,
        0.0,
        0.0,
        0.0,
        0.0,
        0.0
    ],
    "vevLocation": [
        [
            8.350812642448843e-06,
            -0.0001745563942531607,
            -2.953779144145019e-06,
            0.0003586061718217348,
            -0.00024505545970457117,
            -7.801155269843846e-07
        ],
        [
            0.0001,
            0.0001,
            0.0001,
            0.0001,
            0.001117688724520925,
            0.0001
        ],
        [
            33.98846062325901,
            30.97432884053693,
            28.335534493769384,
            25.91367129976203,
            23.59821846276501,
            21.301411200747335
        ]
    ],
    "bIsPerturbative": [
        true,
        true,
        true,
        true,
        true,
        true
    ],
    "bIsBounded": []
}