{
    "bmNumber": 1,
    "bmInput": {
        "thetaCPV": 2.0943951023931953,
        "ghDM": 0.0,
        "mS1": 67,
        "delta12": 4.0,
        "delta1c": 50.0,
        "deltac": 1.0,
        "darkHieracy": 1
    },
    "strong": 2.6672982822913758,
    "complex": false,
    "results": {
        "v3": [
            [
                2.6672982822913758,
                50.0
            ],
            [
                2.1260308774606265,
                60.0
            ],
            [
                1.7538138475950718,
                70.0
            ],
            [
                1.4854611764110444,
                80.0
            ],
            [
                1.2844784752678462,
                90.0
            ]
        ]
    },
    "steps": 5,
    "bIsPerturbative": true
}