{
    "T": [
        50.0,
        60.0,
        70.0,
        80.0,
        90.0,
        100.0
    ],
    "valueVeffReal": [
        -2062981.7212768018,
        -1642329.5912867682,
        -1302426.7437971286,
        -1020414.6861557524,
        -784074.7498974488,
        -586980.3405387505
    ],
    "valueVeffImag": [
        0.0,
        0.0,
        0.0,
        0.0,
        0.0,
        0.0
    ],
    "complex": false,
    "minimumLocation": [
        [
            8.251214083401098e-06,
            -0.0003333699618840308,
            0.00024309511431276284,
            0.0003586059609060055,
            -0.0004920680013697715,
            -1.007185178893838e-06
        ],
        [
            0.0001,
            0.0001,
            0.0001,
            0.0001,
            0.0014291561256970398,
            0.0001
        ],
        [
            33.98845893708509,
            30.973963695285185,
            28.335342021388758,
            25.913669986332216,
            23.598341514515713,
            21.301409925777758
        ]
    ],
    "bIsPerturbative": true,
    "badReason": ""
}