{
    "T": [
        50.0,
        60.0,
        70.0,
        80.0,
        90.0,
        100.0
    ],
    "valueVeffReal": [
        -2055240.6375510623,
        -1635165.5616419076,
        -1296258.8187452536,
        -1015115.1477998839,
        -779479.5434642249,
        -582952.801814865
    ],
    "valueVeffImag": [
        null,
        null,
        null,
        null,
        null,
        null
    ],
    "complex": false,
    "minimumLocation": [
        [
            -0.0002585441175722708,
            0.0004954032488309335,
            0.0003109397309290704,
            0.00019251128753356578,
            -0.00011933038742887453,
            -4.298168000748705e-05
        ],
        [
            0.0001,
            0.0001,
            0.0001,
            0.0001,
            0.0001,
            0.00030441781376236573
        ],
        [
            33.985641029804285,
            30.966351565825615,
            28.327184876743964,
            25.90420974071693,
            23.58609724212342,
            21.284096077669677
        ]
    ],
    "bIsPerturbative": true,
    "UltraSoftTemp": null,
    "failureReason": null
}