{
    "failureReason": null,
    "bIsPerturbative": true,
    "complexMin": false,
    "jumpsv1": [],
    "jumpsv2": [],
    "jumpsv3": [
        [
            -0.8085566501210546,
            50.0
        ],
        [
            -0.6119926182493236,
            60.0
        ],
        [
            -0.48956748447613263,
            70.0
        ],
        [
            -0.409985747538566,
            80.0
        ],
        [
            -0.3577833388772289,
            90.0
        ]
    ],
    "strong": 0.8085566497485042,
    "UltraSoftTemp": null,
    "bmNumber": 1,
    "bmInput": {
        "thetaCPV": 2.0943951023931953,
        "ghDM": 0.0,
        "mS1": 67,
        "delta12": 4.0,
        "delta1c": 50.0,
        "deltac": 1.0,
        "darkHieracy": 1
    },
    "step": 1
}