{
    "failureReason": null,
    "bIsPerturbative": true,
    "complexMin": false,
    "jumpsv1": [],
    "jumpsv2": [],
    "jumpsv3": [
        [
            -0.8086026812276765,
            50.0
        ],
        [
            -0.6119465861444668,
            60.0
        ],
        [
            -0.4895648266691861,
            70.0
        ],
        [
            -0.4099707052415438,
            80.0
        ]
    ],
    "strong": 0.8086026805874198,
    "UltraSoftTemp": null,
    "bmNumber": 1,
    "bmInput": {
        "thetaCPV": 2.0943951023931953,
        "ghDM": 0.0,
        "mS1": 67,
        "delta12": 4.0,
        "delta1c": 50.0,
        "deltac": 1.0,
        "darkHieracy": 1
    },
    "step": 1
}