{
    "T": [
        50.0,
        60.0,
        70.0,
        80.0,
        90.0
    ],
    "valueVeffReal": [
        -2055240.6407079108,
        -1635165.5537440951,
        -1296258.8122022233,
        -1015115.1435356584,
        -779479.5401513085
    ],
    "valueVeffImag": [
        null,
        null,
        null,
        null,
        null
    ],
    "complex": false,
    "minimumLocation": [
        [
            -0.0002585454236938428,
            0.0006113109850514747,
            0.0003109449490327834,
            2.618992449660018e-06,
            0.00015194103887491983
        ],
        [
            0.0001,
            0.0001,
            0.0001,
            0.0001,
            0.0001
        ],
        [
            33.98564105029179,
            30.965995074063315,
            28.327184814624754,
            25.904211103456976,
            23.586265110602376
        ]
    ],
    "bIsPerturbative": true,
    "UltraSoftTemp": null,
    "failureReason": null
}