{
    "T": [
        50.0,
        60.0,
        70.0,
        80.0,
        90.0,
        100.0
    ],
    "valueVeffReal": [
        -2055240.630757511,
        -1635165.5540935888,
        -1296258.8141292583,
        -1015115.1440062663,
        -779479.5401203731,
        -582952.7976490912
    ],
    "valueVeffImag": [
        null,
        null,
        null,
        null,
        null,
        null
    ],
    "complex": false,
    "minimumLocation": [
        [
            -0.0002585410835115598,
            0.0006114282796364501,
            0.00031094340707138457,
            -1.799320445446985e-05,
            0.00015194057121356574,
            0.0004332083890312838
        ],
        [
            0.0001,
            0.0001,
            0.0001,
            0.0001,
            0.0001,
            0.0001
        ],
        [
            33.98564098568754,
            30.96599496207943,
            28.327184832896158,
            25.904233465989666,
            23.586265110334768,
            21.28313462912812
        ]
    ],
    "bIsPerturbative": true,
    "UltraSoftTemp": null,
    "failureReason": null
}