{
    "failureReason": null,
    "bIsPerturbative": true,
    "complexMin": false,
    "jumpsv1": [],
    "jumpsv2": [],
    "jumpsv3": [
        [
            -0.8086026759066867,
            50.0
        ],
        [
            -0.6119466027852698,
            60.0
        ],
        [
            -0.4895741655245329,
            70.0
        ],
        [
            -0.40996136417643214,
            80.0
        ]
    ],
    "strong": 0.8086026752667332,
    "UltraSoftTemp": null,
    "bmNumber": 1,
    "bmInput": {
        "thetaCPV": 2.0943951023931953,
        "ghDM": 0.0,
        "mS1": 67,
        "delta12": 4.0,
        "delta1c": 50.0,
        "deltac": 1.0,
        "darkHieracy": 1
    },
    "step": 1
}