{
    "T": [
        50.0,
        52.0,
        54.0,
        56.0,
        58.0,
        60.0,
        62.0,
        64.0,
        66.0,
        68.0,
        70.0,
        72.0,
        74.0,
        76.0,
        78.0,
        80.0,
        82.0,
        84.0,
        86.0,
        88.0,
        90.0,
        92.0,
        94.0,
        96.0,
        98.0,
        100.0,
        102.0,
        104.0,
        106.0,
        108.0,
        110.0,
        112.0,
        114.0,
        116.0,
        118.0,
        120.0,
        122.0,
        124.0,
        126.0,
        128.0,
        130.0,
        132.0,
        134.0,
        136.0,
        138.0,
        140.0,
        142.0,
        144.0,
        146.0,
        148.0,
        150.0,
        152.0,
        154.0,
        156.0,
        158.0,
        160.0,
        162.0
    ],
    "valueVeffReal": [
        -7754088.587650197,
        -7667170.099273251,
        -7584833.153573514,
        -7506671.179108943,
        -7432332.1480300585,
        -7361509.974758863,
        -7293937.515880415,
        -7229380.8270652685,
        -7167634.4040601775,
        -7108517.21194209,
        -7051869.383908568,
        -6997549.539918414,
        -6945432.266999198,
        -6895406.286149984,
        -6847372.645388,
        -6801243.349932264,
        -6756940.055500187,
        -6714393.02522311,
        -6673540.183921001,
        -6634326.307875874,
        -6596702.327466965,
        -6560624.6862409,
        -6526054.868473071,
        -6492958.845305029,
        -6461306.692485596,
        -6431072.239883378,
        -6402232.709229093,
        -6374768.472012177,
        -6348662.769069756,
        -6323901.493026698,
        -6300473.006641544,
        -6278367.947377343,
        -6257579.099207308,
        -6238101.253760715,
        -6219931.0930609545,
        -6203067.105354459,
        -6187509.486733257,
        -6173260.165582313,
        -6160322.6203694595,
        -6148701.978435211,
        -6138404.971360413,
        -6129439.969266932,
        -6121817.078210196,
        -6115548.159007922,
        -6110647.09519678,
        -6107129.98651086,
        -6105015.538307436,
        -6104325.62865051,
        -6105086.357229647,
        -6107329.353710072,
        -6111094.948350849,
        -6116438.207080881,
        -6123445.728504212,
        -6132327.55134387,
        -6143035.79259255,
        -6154045.970978984,
        -6165332.153538839
    ],
    "valueVeffImag": [
        null,
        null,
        null,
        null,
        null,
        null,
        null,
        null,
        null,
        null,
        null,
        null,
        null,
        null,
        null,
        null,
        null,
        null,
        null,
        null,
        null,
        null,
        null,
        null,
        null,
        null,
        null,
        null,
        null,
        null,
        null,
        null,
        null,
        null,
        null,
        null,
        null,
        null,
        null,
        null,
        null,
        null,
        null,
        null,
        null,
        null,
        null,
        null,
        null,
        null,
        null,
        null,
        null,
        null,
        null,
        null,
        null
    ],
    "complex": false,
    "minimumLocation": [
        [
            0.00013070945344303443,
            -2.2303268727494677e-05,
            0.00014514946914237492,
            -4.959522442556208e-05,
            -5.3241301693676e-07,
            -2.132589502089506e-05,
            -1.5483120795848205e-05,
            1.7826030672398515e-05,
            1.917474844637568e-05,
            2.8853637856874974e-06,
            -1.1983119408788328e-06,
            -1.896838358449892e-06,
            -1.4449604459922907e-06,
            -1.104138050369972e-06,
            -8.206549155392352e-07,
            4.661853089257622e-05,
            -2.889580228380756e-06,
            2.1188708427296376e-06,
            -3.331633757820392e-06,
            4.150910802618946e-06,
            -4.321231640324165e-06,
            1.0897586991024744e-05,
            -6.977521171501206e-05,
            0.00020567658109882,
            -0.000144830308947963,
            6.526868468059737e-05,
            -8.828410813634878e-06,
            -5.885219485438629e-06,
            -8.67711344859943e-06,
            -1.2956012993047342e-05,
            -1.9689575301443075e-05,
            -3.0204268732737192e-05,
            0.00014916609447363118,
            -5.9368860318798154e-05,
            7.211395186529997e-05,
            -1.9698222217170297e-06,
            -6.588438052477705e-05,
            1.2390299585619748e-05,
            -2.6138779320129574e-05,
            4.849542600364378e-05,
            -2.7463776927169766e-05,
            5.41265613747654e-05,
            3.6586070146052234e-05,
            3.7057552299156124e-05,
            -1.6141475032711307e-05,
            5.342609222030453e-06,
            0.00015284843835620433,
            3.0100039673593485e-05,
            -0.00016842197215722644,
            2.474898784469992e-05,
            7.497917292224079e-05,
            -0.0001374163785895357,
            -0.00044912666474350525,
            0.0005652635074810397,
            1.700718921433548e-08,
            1.700718921433548e-08,
            5.095034237752882e-13
        ],
        [
            0.0001,
            0.0001,
            0.0001,
            0.0001,
            0.0001,
            0.0001,
            0.0001,
            0.0001,
            0.0001,
            0.0001,
            0.0001,
            0.0001,
            0.0001,
            0.0001,
            0.0001,
            0.0001,
            0.0001,
            0.0001,
            0.0001,
            0.0001,
            0.0001,
            0.00020246977941804865,
            0.0001,
            0.0001,
            0.0001,
            0.0001,
            0.0001,
            0.0001,
            0.0001,
            0.0001,
            0.0001,
            0.0001,
            0.0001,
            0.0001,
            0.0001,
            0.00010588558747163714,
            0.0001,
            0.0001,
            0.0001,
            0.0001,
            0.0001,
            0.0001,
            0.0001,
            0.0001,
            0.0001,
            0.0001,
            0.0001,
            0.0001,
            0.0001,
            0.0001,
            0.0001,
            0.0001,
            0.0001,
            0.0001,
            0.0001,
            0.0001,
            0.0001
        ],
        [
            33.97871123756368,
            33.34336149783547,
            32.73154810217269,
            32.14054295358065,
            31.56876206395083,
            31.014025747224963,
            30.474862887732513,
            29.949644550431138,
            29.437127104506665,
            28.936156702862966,
            28.445334159104934,
            27.963804348035833,
            27.490631008249604,
            27.024945798480573,
            26.565816233434816,
            26.112840667876615,
            25.664867274213258,
            25.221512032014438,
            24.782090055785677,
            24.345816407748856,
            23.912246713828456,
            23.481500547994575,
            23.050550913174693,
            22.622325492131882,
            22.193187186923595,
            21.76451895895332,
            21.33502511372903,
            20.904258795811856,
            20.471626594829658,
            20.036517913088097,
            19.598297755526684,
            19.156323000287014,
            18.710181558821827,
            18.258459546452244,
            17.800202251151344,
            17.335204336693735,
            16.86018328898706,
            16.38027625738994,
            15.887315322641257,
            15.383193258701677,
            14.864450065258113,
            14.328803444210877,
            13.778589301648775,
