{
    "T": [
        100.0,
        102.0,
        104.0,
        106.0,
        108.0,
        110.0,
        112.0,
        114.0,
        116.0,
        118.0,
        120.0,
        122.0,
        124.0,
        126.0,
        128.0,
        130.0,
        132.0,
        134.0,
        136.0,
        138.0,
        140.0,
        142.0,
        144.0,
        146.0,
        148.0,
        150.0,
        152.0,
        154.0,
        156.0,
        158.0
    ],
    "valueVeffReal": [
        -610256.2789418069,
        -575852.0854679067,
        -542863.5090730732,
        -511280.7914296804,
        -481097.0041007659,
        -452307.8605816904,
        -424911.5447187089,
        -398908.5990542536,
        -374301.791373434,
        -351096.06564586144,
        -329298.42044862057,
        -308917.9327694186,
        -289965.7065125527,
        -272454.9228694093,
        -256400.85994698486,
        -241821.02847371408,
        -228735.33366202167,
        -217166.3218658525,
        -207139.56911135462,
        -198684.2625104316,
        -191834.09911062813,
        -186628.75628450868,
        -183116.60189874985,
        -181359.68038474862,
        -181446.473098441,
        -183537.47971746264,
        -187889.65955189202,
        -192786.268349547,
        -197885.56246947037,
        -203183.73558126838
    ],
    "valueVeffImag": [
        null,
        null,
        null,
        null,
        null,
        null,
        null,
        null,
        null,
        null,
        null,
        null,
        null,
        null,
        null,
        null,
        null,
        null,
        null,
        null,
        null,
        null,
        null,
        null,
        null,
        null,
        null,
        null,
        null,
        null
    ],
    "complex": false,
    "minimumLocation": [
        [
            -0.000184107033254376,
            5.052648391254064e-05,
            6.488208831053818e-06,
            -0.0003729131501280965,
            -0.000234490194408684,
            -0.0002268624977782574,
            -0.0003659374989198831,
            0.0003474212423803212,
            -0.000348962471505003,
            -4.694170796340144e-06,
            0.000688895025919645,
            1.9836289665772777e-06,
            -0.0005065976252661896,
            -0.00013261857930445264,
            -1.7391741497646551e-06,
            -4.6407888326313596e-06,
            -0.0002127020703742398,
            -0.00023503007674335885,
            -0.00019039185129022737,
            5.865040527241452e-05,
            -0.0007123291296533257,
            0.0009087226268285516,
            0.00016047316287872522,
            -0.0014264664313440763,
            1.4452268853213865e-06,
            -4.7237797206793196e-05,
            -5.911223755397654e-05,
            1.4532092437041788e-06,
            0.0,
            0.0
        ],
        [
            0.0001,
            0.0001,
            0.0001,
            0.0001,
            0.0001,
            0.0001,
            0.0001,
            0.0001,
            0.0013449393438786207,
            0.0001,
            0.0003415429042889793,
            0.0001,
            0.0001,
            0.0001,
            0.0001,
            0.0001,
            0.0001,
            0.0001,
            0.0001490060653161797,
            0.0001,
            0.0001,
            0.0001,
            0.0007277520363629066,
            0.0001,
            0.0001,
            0.0001,
            0.0001,
            0.0001,
            0.0001,
            0.0001
        ],
        [
            21.535134386910254,
            21.08059720913588,
            20.6217789931086,
            20.15971596008574,
            19.693698793126536,
            19.221918535455494,
            18.74380162508337,
            18.25931771451417,
            17.765543886811013,
            17.262922631902956,
            16.748783873331405,
            16.223151931259352,
            15.683299875375726,
            15.125769315610796,
            14.550555472659715,
            13.95289481105517,
            13.329513290117202,
            12.67592398188399,
            11.984652891542542,
            11.248076508682107,
            10.453343140929354,
            9.579591795219052,
            8.60919881997135,
            7.473552895419744,
            6.0611947900494165,
            3.895711504789935,
            0.0001,
            0.0001,
            0.0001,
            0.0001
        ]
    ],
    "bIsPerturbative": true,
    "UltraSoftTemp": 138.0,
    "failureReason": null
}