{
    "T": [
        50.0,
        52.0,
        54.0,
        56.0,
        58.0,
        60.0,
        62.0,
        64.0,
        66.0,
        68.0,
        70.0,
        72.0,
        74.0,
        76.0,
        78.0,
        80.0,
        82.0,
        84.0,
        86.0,
        88.0,
        90.0,
        92.0,
        94.0,
        96.0,
        98.0,
        100.0,
        102.0,
        104.0,
        106.0,
        108.0,
        110.0,
        112.0,
        114.0,
        116.0,
        118.0,
        120.0,
        122.0,
        124.0,
        126.0,
        128.0,
        130.0,
        132.0,
        134.0,
        136.0,
        138.0,
        140.0,
        142.0,
        144.0,
        146.0,
        148.0,
        150.0,
        152.0,
        154.0,
        156.0,
        158.0
    ],
    "valueVeffReal": [
        -2067962.0573410213,
        -1976305.839740763,
        -1889152.190823834,
        -1806095.1737412377,
        -1726784.2305611563,
        -1650915.4222204494,
        -1578224.3128818597,
        -1508480.133482528,
        -1441480.9499007652,
        -1377049.6337056782,
        -1315030.5126257038,
        -1255286.6546218076,
        -1197697.3169021092,
        -1142156.0794800704,
        -1088569.0595898922,
        -1036853.453943069,
        -986936.2902134862,
        -938753.3401790716,
        -892248.1740951308,
        -847371.3474156274,
        -804079.6976472937,
        -762335.7091384928,
        -722107.0185977175,
        -683365.9053330249,
        -646088.8588621605,
        -610256.277071289,
        -575852.0836051542,
        -542863.5072740732,
        -511280.7903152264,
        -481097.00258357055,
        -452307.85904250614,
        -424911.54327060125,
        -398908.59778180026,
        -374301.78405542916,
        -351096.06390246516,
        -329298.42135229195,
        -308917.93174270267,
        -289965.7069376293,
        -272454.9217835974,
        -256400.85913124154,
        -241821.02510579253,
        -228735.3314491227,
        -217166.3214770229,
        -207139.56838833046,
        -198684.26206469396,
        -191834.0998002252,
        -186628.7723330494,
        -183116.60355971538,
        -181359.6898359406,
        -181446.47298563452,
        -183537.44800803933,
        -187889.65960017126,
        -192786.2683880417,
        -197885.56251213836,
        -203183.735628235
    ],
    "valueVeffImag": [
        null,
        null,
        null,
        null,
        null,
        null,
        null,
        null,
        null,
        null,
        null,
        null,
        null,
        null,
        null,
        null,
        null,
        null,
        null,
        null,
        null,
        null,
        null,
        null,
        null,
        null,
        null,
        null,
        null,
        null,
        null,
        null,
        null,
        null,
        null,
        null,
        null,
        null,
        null,
        null,
        null,
        null,
        null,
        null,
        null,
        null,
        null,
        null,
        null,
        null,
        null,
        null,
        null,
        null,
        null
    ],
    "complex": false,
    "minimumLocation": [
        [
            5.482277313580142e-05,
            9.045444409402654e-05,
            -9.389917196060693e-06,
            8.460210456465167e-05,
            3.901493102674222e-05,
            -3.662294254591636e-05,
            1.3545224677528542e-05,
            -0.0002716714344033373,
            0.0002657196392005681,
            -5.963431786878287e-05,
            0.0001866234949730039,
            -0.00018504614523837787,
            -5.454529232975375e-05,
            -0.0009493770863771844,
            -8.133440424173966e-05,
            -0.00015626742206733407,
            -0.00012526632649038916,
            2.3212891418496595e-05,
            -0.00011190517436512892,
            -7.698402666499529e-07,
            -0.00012169559624664039,
            0.00020012330931078876,
            -0.0005492405113390192,
            1.030152532194989e-05,
            -0.00015683676766731214,
            1.2848526395391018e-05,
            5.05264527110201e-05,
            6.488123354629269e-06,
            5.201578659876083e-05,
            8.228932023566712e-05,
            -0.00022686087927715343,
            -0.00036575910692964743,
            0.0003004446513385733,
            0.00036830149518432553,
            -0.0003920308490542078,
            -0.00029448633097724393,
            1.989538098677579e-06,
            3.1308724752349137e-06,
            -2.189784407446299e-05,
            -4.056167582815358e-06,
            -7.928008273076076e-05,
            -0.0006177065521526526,
            -3.7469232696805445e-06,
            -0.0003222096996440757,
            6.724172791905403e-06,
            -0.00037556210243001875,
            -0.0004009454218825703,
            1.8037668792110495e-06,
            1.9023203778704154e-06,
            5.017189297277895e-06,
            0.0005642675823868126,
            1.41682399600572e-06,
            1.4532097362546237e-06,
            1.4532097362546237e-06,
            1.4532097362546237e-06
        ],
        [
            0.0001,
            0.0001,
            0.0001,
            0.0001,
            0.0001,
            0.0001,
            0.0001,
            0.0001,
            0.0001,
            0.0001,
            0.0001,
            0.00016612201417441283,
            0.0001886378937368591,
            0.0001,
            0.0001,
            0.0001,
            0.0001,
            0.0001,
            0.0001,
            0.0001,
            0.0001,
            0.0003622829205401539,
            0.0004516907004624805,
            0.0001,
            0.0001,
            0.00012714954178592486,
            0.0001,
            0.0001,
            0.0001,
            0.0001,
            0.0001,
            0.0001,
            0.0001,
            0.0001,
            0.0001,
            0.0001,
            0.0001,
            0.0001,
            0.0001,
            0.0001,
            0.0001,
            0.0001,
            0.00018349914463051953,
            0.0001,
            0.0001,
            0.0001,
            0.0001,
            0.0001,
            0.0001,
            0.0001,
            0.002471408579442916,
            0.0001,
            0.0001,
            0.0001,
            0.0001
        ],
        [
            34.06843297971916,
            33.427768934837204,
            32.81015217804087,
            32.21311250789008,
            31.63476942103057,
            31.072940074050187,
            30.526220638338827,
            29.9930487625929,
            29.471798101435212,
            28.961563381445462,
            28.460533197387303,
            27.969487748721782,
            27.484821789931154,
            27.008420463845663,
            26.536083198549857,
            26.069702837947116,
            25.607946196721006,
            25.149601051802136,
            24.694463578744475,
            24.24129066760803,
            23.789982928310916,
            23.33942918053358,
            22.889292568612884,
            22.43915095480634,
            21.98781851114116,
            21.535108605217225,
            21.08059717938373,
            20.62177896294325,
            20.1599333292072,
            19.693751955427835,
            19.221918505809498,
            18.743801780866214,
            18.25930362566842,
            17.76389500398414,
            17.26278689394678,
            16.749087152796815,
            16.223151885890655,
            15.682821322238727,
            15.126619665373267,
            14.550553587363419,
            13.954127664718982,
            13.33016214056815,
            12.675567645400665,
            11.984577570626925,
            11.248167807428414,
            10.454734277678707,
            9.581680616137676,
