{
    "T": [
        50.0,
        52.0,
        54.0,
        56.0,
        58.0,
        60.0,
        62.0,
        64.0,
        66.0,
        68.0,
        70.0,
        72.0,
        74.0,
        76.0,
        78.0,
        80.0,
        82.0,
        84.0,
        86.0,
        88.0,
        90.0,
        92.0,
        94.0,
        96.0,
        98.0,
        100.0,
        102.0,
        104.0,
        106.0,
        108.0,
        110.0,
        112.0,
        114.0,
        116.0,
        118.0,
        120.0,
        122.0,
        124.0,
        126.0,
        128.0,
        130.0,
        132.0,
        134.0,
        136.0,
        138.0,
        140.0,
        142.0,
        144.0,
        146.0,
        148.0,
        150.0,
        152.0,
        154.0,
        156.0,
        158.0
    ],
    "valueVeffReal": [
        -2039057.0733435766,
        -1947409.3900733292,
        -1860259.6166242282,
        -1777202.952384557,
        -1697889.7078358186,
        -1622016.5939036175,
        -1549319.6426556234,
        -1479568.402267574,
        -1412561.1276865653,
        -1348120.77067476,
        -1286091.6490099044,
        -1226336.736185891,
        -1168735.1268433596,
        -1113180.1967947553,
        -1059577.7575256024,
        -1007844.7032949835,
        -957907.6939357943,
        -909702.0890920372,
        -863171.0177681656,
        -818264.5599711713,
        -774939.0433620333,
        -733156.4151406116,
        -692883.7395458611,
        -654092.7084056519,
        -616759.1802988529,
        -580862.9033951436,
        -546387.1261250894,
        -513318.3615689011,
        -481646.1283086503,
        -451362.7255828544,
        -422463.0793321512,
        -394944.543472319,
        -368806.8020275843,
        -344051.73527591757,
        -320683.3381273336,
        -298707.6552118244,
        -278132.7320849289,
        -258968.61379752943,
        -241227.35074225444,
        -224923.03462280138,
        -210071.919054943,
        -196692.5561952966,
        -184806.04049667256,
        -174436.3638535368,
        -165610.95616341362,
        -158361.52796463727,
        -152725.43933643238,
        -148748.108424123,
        -146487.71418128393,
        -146026.22565895406,
        -147506.96700902723,
        -151263.12701338998,
        -155734.47251738218,
        -160407.5408420929,
        -165277.33487948944
    ],
    "valueVeffImag": [
        null,
        null,
        null,
        null,
        null,
        null,
        null,
        null,
        null,
        null,
        null,
        null,
        null,
        null,
        null,
        null,
        null,
        null,
        null,
        null,
        null,
        null,
        null,
        null,
        null,
        null,
        null,
        null,
        null,
        null,
        null,
        null,
        null,
        null,
        null,
        null,
        null,
        null,
        null,
        null,
        null,
        null,
        null,
        null,
        null,
        null,
        null,
        null,
        null,
        null,
        null,
        null,
        null,
        null,
        null
    ],
    "complex": false,
    "minimumLocation": [
        [
            -4.9551388698179655e-05,
            2.8256273195310933e-05,
            -0.00018366165217329616,
            0.00018302998718768004,
            -9.141674593519293e-05,
            7.585339560822052e-05,
            -3.123137032205042e-05,
            1.062304881903006e-05,
            7.276905872347257e-06,
            -7.412662952428111e-05,
            -6.0497730691888574e-05,
            0.00033449905128051394,
            -0.0010648610197485785,
            -0.00018055714887646717,
            6.892138657127239e-05,
            0.0008604607566765898,
            8.494080836315282e-05,
            7.5014331034094e-05,
            -0.000544717735648681,
            -6.129600473023245e-05,
            0.00035604341287097385,
            0.00013998010586962649,
            0.0002259861809149194,
            7.788981684001602e-05,
            2.509538836917291e-06,
            7.659474939188116e-05,
            -0.00012625395121792365,
            0.0007415644608226332,
            6.627243791639849e-05,
            0.0006616831646602366,
            4.48357646907864e-06,
            0.00010988462554246264,
            6.903505036028393e-05,
            4.3886345457082746e-05,
            -2.6050724217761834e-06,
            0.00023892387750118244,
            -3.0885505417320436e-06,
            0.0002535302396026929,
            4.054786270579758e-05,
            0.0001823126935193986,
            6.106780564478151e-06,
            -9.107330278259641e-05,
            -5.596062504553386e-05,
            5.2925208424394604e-05,
            -7.240442573799855e-05,
            -3.9838995513779424e-05,
            0.0001909385224268742,
            0.0004331250463398967,
            -1.3217149402888762e-05,
            8.851393120742901e-05,
            3.7842722809979575e-05,
            0.000727117674750772,
            -6.814765059011407e-05,
            1.4705534813553363e-06,
            1.4705534813553363e-06
        ],
        [
            0.0001,
            0.0001,
            0.0001,
            0.0001,
            0.0001,
            0.0001,
            0.00019361165987017668,
            0.0001,
            0.0001,
            0.0001,
            0.0001,
            0.0001,
            0.0001,
            0.0001,
            0.0001,
            0.0001,
            0.0001,
            0.0001,
            0.0001,
            0.00013357543042413953,
            0.0001,
            0.00018943758304516218,
            0.0001,
            0.000232811818493747,
            0.0001,
            0.0004372582997243038,
            0.0001,
            0.0001,
            0.00040709259891793213,
            0.0001,
            0.0001,
            0.0001,
            0.0001,
            0.0001,
            0.0001,
            0.0001,
            0.0001,
            0.0001,
            0.0001,
            0.0001,
            0.0001,
            0.0001,
            0.0001,
            0.0001,
            0.0001,
            0.0001,
            0.0001,
            0.0001978415337824691,
            0.0001,
            0.0001,
            0.0001,
            0.0001,
            0.0001,
            0.0001,
            0.0001
        ],
        [
            34.05297837024206,
            33.41210517319603,
            32.79448343261021,
            32.19697000487413,
            31.61831908106504,
            31.056467945012038,
            30.509401623911256,
            29.97629796907998,
            29.45474308792334,
            28.94434786281415,
            28.44375662234156,
            27.951644121055548,
            27.46788260215339,
            26.98989686582683,
            26.518525283936196,
            26.052011815261547,
            25.590475583783913,
            25.132378517310098,
            24.677431702777454,
            24.22438899225654,
            23.773310000186346,
            23.323618987463096,
            22.87493962645842,
            22.4243437217941,
            21.973716275987027,
            21.521650680653877,
            21.0674103841907,
            20.61056954125927,
            20.149839393742592,
            19.684984116250487,
            19.214335685873184,
            18.73817879445258,
            18.25474650340643,
            17.763507693783165,
            17.262949581616276,
            16.751793743334595,
            16.228959562777714,
            15.69123860404693,
            15.13831482567111,
            14.567655376736202,
            13.97404798912825,
            13.35657309197565,
            12.709160497234619,
            12.02511719490247,
            11.297613983207937,
            10.51474611186917,
            9.659276153673176,
            8.704283920093774,
