{
    "T": [
        50.0,
        52.0,
        54.0,
        56.0,
        58.0,
        60.0,
        62.0,
        64.0,
        66.0,
        68.0,
        70.0,
        72.0,
        74.0,
        76.0,
        78.0,
        80.0,
        82.0,
        84.0,
        86.0,
        88.0,
        90.0,
        92.0,
        94.0,
        96.0,
        98.0,
        100.0,
        102.0,
        104.0,
        106.0,
        108.0,
        110.0,
        112.0,
        114.0,
        116.0,
        118.0,
        120.0,
        122.0,
        124.0,
        126.0,
        128.0,
        130.0,
        132.0,
        134.0,
        136.0,
        138.0,
        140.0,
        142.0,
        144.0,
        146.0,
        148.0,
        150.0,
        152.0,
        154.0,
        156.0,
        158.0
    ],
    "valueVeffReal": [
        -2086033.1200258117,
        -1994405.1516199412,
        -1907283.4696251794,
        -1824261.6846437086,
        -1744988.8880113487,
        -1669160.8722626213,
        -1596512.9999467856,
        -1526814.3568750648,
        -1459862.906273188,
        -1395481.4548086957,
        -1333514.2988350755,
        -1273824.4939682176,
        -1216291.311567164,
        -1160808.3699643183,
        -1107281.8119276874,
        -1055628.9102191296,
        -1005776.754035366,
        -957661.1890019281,
        -911225.8768333071,
        -866421.4559499053,
        -823204.8596790514,
        -781538.6718914495,
        -741390.6315203882,
        -702733.1189991795,
        -665542.7348225864,
        -629799.9831407734,
        -595488.8970351273,
        -562596.8109997379,
        -531114.081485049,
        -501033.88926462363,
        -472352.0512218959,
        -445066.85604937084,
        -419178.96746974875,
        -394691.24003973976,
        -371608.71988037415,
        -349938.50915553625,
        -329689.77028346347,
        -310873.7018037738,
        -293503.5609395969,
        -277594.6989328515,
        -263164.70379944204,
        -250233.5204592924,
        -238823.7423747863,
        -228960.9609085753,
        -220674.36305305714,
        -213997.6037238517,
        -208970.28332690176,
        -205640.5311287096,
        -204070.1209004023,
        -204346.7860288524,
        -206628.98901250146,
        -211173.67483663006,
        -216272.1380761957,
        -221573.98479707635,
        -227075.74841881997
    ],
    "valueVeffImag": [
        null,
        null,
        null,
        null,
        null,
        null,
        null,
        null,
        null,
        null,
        null,
        null,
        null,
        null,
        null,
        null,
        null,
        null,
        null,
        null,
        null,
        null,
        null,
        null,
        null,
        null,
        null,
        null,
        null,
        null,
        null,
        null,
        null,
        null,
        null,
        null,
        null,
        null,
        null,
        null,
        null,
        null,
        null,
        null,
        null,
        null,
        null,
        null,
        null,
        null,
        null,
        null,
        null,
        null,
        null
    ],
    "complex": false,
    "minimumLocation": [
        [
            0.0003333899547607079,
            2.796366559437713e-05,
            3.976209610091069e-05,
            6.174270820601124e-05,
            6.696015494068314e-06,
            -1.3402282355190476e-05,
            0.0001639732499666177,
            0.00017973713129730562,
            2.127908160440284e-06,
            -0.00022446795556347525,
            1.1217924858310593e-05,
            2.35580811976081e-05,
            6.985732253294332e-05,
            5.3091092477336455e-05,
            1.2271691644595226e-05,
            3.4450021975593326e-06,
            -1.978058550871492e-05,
            0.000820055855561462,
            -5.659583367864304e-05,
            1.0612471026960613e-06,
            1.2557164644350083e-06,
            2.888487067671114e-05,
            -2.192645065068888e-06,
            -0.00014658889267947484,
            6.429390931138182e-05,
            1.1247480961526501e-06,
            -0.00048780615461606336,
            0.0007739750830606205,
            -0.0009190195338643729,
            0.00024802763399969785,
            -0.0003413427023283844,
            0.0004345136522826004,
            1.1145880249863183e-06,
            -0.0011037871909476554,
            -1.5130432439343366e-06,
            -0.00036116330141670525,
            -0.00010578700737062796,
            0.00011958494396183995,
            -3.856308304905909e-07,
            3.728229355270257e-05,
            -6.084616967281381e-05,
            0.0006135367048981352,
            -0.00019126180821506245,
            0.00029938884501679724,
            -4.54955134755828e-06,
            0.0001545372852125304,
            -3.5315119111610505e-05,
            2.1153361814425092e-05,
            7.069694975846575e-05,
            0.000290930872349277,
            0.00011755853037403161,
            -1.5772075033775035e-05,
            -2.331935221540349e-06,
            -2.331935221540349e-06,
            -2.331935221540349e-06
        ],
        [
            0.0001,
            0.0001,
            0.0001,
            0.0001,
            0.0001,
            0.0001,
            0.00039184354964394896,
            0.0001,
            0.0001,
            0.0001,
            0.0001,
            0.0001,
            0.0001,
            0.0001,
            0.0001,
            0.0001,
            0.0001,
            0.0001,
            0.0001,
            0.0001,
            0.0001,
            0.0001,
            0.0001,
            0.0001,
            0.00017388436617026635,
            0.0001,
            0.0004979904521688876,
            0.0001,
            0.0001,
            0.0001,
            0.00037522908188955713,
            0.0011839188198597972,
            0.0001,
            0.0001,
            0.0001,
            0.0001,
            0.0001,
            0.0001,
            0.0001,
            0.000955211586753645,
            0.0001,
            0.0001,
            0.0001,
            0.0005230693318106978,
            0.0001,
            0.0001,
            0.0001,
            0.0001,
            0.0001,
            0.0001,
            0.0001,
            0.0001,
            0.0001,
            0.0001,
            0.0001
        ],
        [
            34.06974407427593,
            33.42905418473464,
            32.81129064319341,
            32.21427985244203,
            31.635695942036556,
            31.07378032093206,
            30.526912318429634,
            29.993838091824827,
            29.472395678866146,
            28.96198094426142,
            28.46144675244119,
            27.969340398713197,
            27.48525555202048,
            27.00780563213831,
            26.535888404279834,
            26.06946359846939,
            25.607350703707997,
            25.14858155303541,
            24.69312911775324,
            24.240294910247748,
            23.78873317931417,
            23.33820718228153,
            22.887910093479437,
            22.43727219249083,
            21.98575552783925,
            21.53277378824927,
            21.077506887660533,
            20.619010216628695,
            20.156774122179794,
            19.690154459322027,
            19.218600030312917,
            18.74100835651794,
            18.255016529402756,
            17.761367279332116,
            17.258274551416868,
            16.744473699635915,
            16.217834702255256,
            15.677199492342845,
            15.120335309836348,
            14.543680619040776,
            13.94653664293367,
            13.322913328158517,
            12.668681807269843,
            11.977298798141906,
            11.240564408453894,
            10.446324959994962,
            9.575622060178548,
            8.601895915823382,
