{
    "T": [
        50.0,
        60.0,
        70.0,
        80.0,
        90.0,
        100.0
    ],
    "valueVeffReal": [
        -2055240.6375510623,
        -1635165.5597006192,
        -1296258.8187452536,
        -1015115.1477998842,
        -779479.543464225,
        -582952.8018148731
    ],
    "valueVeffImag": [
        null,
        null,
        null,
        null,
        null,
        null
    ],
    "complex": false,
    "minimumLocation": [
        [
            -0.0002585441198870303,
            0.0006133431886945345,
            0.0003109397295521302,
            0.00019251128329003664,
            -0.00011933038352310299,
            -4.312716043329903e-05
        ],
        [
            0.0001,
            0.0001,
            0.0001,
            0.0001,
            0.0001,
            0.00030437050002224853
        ],
        [
            33.98564102980515,
            30.96599314375922,
            28.32718487674434,
            25.90420974071522,
            23.586097242124133,
            21.28409596233332
        ]
    ],
    "bIsPerturbative": true,
    "UltraSoftTemp": null,
    "failureReason": null
}
