{
    "failureReason": null,
    "bIsPerturbative": true,
    "complexMin": false,
    "jumpsv1": [],
    "jumpsv2": [],
    "jumpsv3": [
        [
            -0.8086029220819726,
            50.0
        ],
        [
            -0.6119463462882795,
            60.0
        ],
        [
            -0.48956748447627474,
            70.0
        ],
        [
            -0.40998574753866013,
            80.0
        ],
        [
            -0.35778333471909507,
            90.0
        ]
    ],
    "strong": 0.8086029214368335,
    "UltraSoftTemp": null,
    "bmNumber": 1,
    "bmInput": {
        "thetaCPV": 2.0943951023931953,
        "ghDM": 0.0,
        "mS1": 67,
        "delta12": 4.0,
        "delta1c": 50.0,
        "deltac": 1.0,
        "darkHieracy": 1
    },
    "step": 1
}