{
    "T": [
        50.0,
        60.0,
        70.0,
        80.0,
        90.0,
        100.0
    ],
    "valueVeffReal": [
        -2055240.637536329,
        -1635165.5597006318,
        -1296258.8187452536,
        -1015115.1477998842,
        -779479.543464225,
        -582952.8018148484
    ],
    "valueVeffImag": [
        null,
        null,
        null,
        null,
        null,
        null
    ],
    "complex": false,
    "minimumLocation": [
        [
            -0.0002720732031737255,
            0.0006133418373271554,
            0.00031093973416528725,
            0.0001925112812913403,
            -0.00011933039051632843,
            -4.294083454718829e-05
        ],
        [
            0.0001,
            0.0001,
            0.0001,
            0.0001,
            0.0001,
            0.00030437050002224853
        ],
        [
            33.985637124729294,
            30.96599314504467,
            28.327184876744646,
            25.904209740716116,
            23.586097242127018,
            21.28409611714383
        ]
    ],
    "bIsPerturbative": true,
    "UltraSoftTemp": null,
    "failureReason": null
}