{
    "T": [
        50.0,
        60.0,
        70.0,
        80.0,
        90.0,
        100.0
    ],
    "valueVeffReal": [
        -2055240.6375510604,
        -1635165.5597005752,
        -1296258.8187452536,
        -1015115.147799884,
        -779479.5434642242,
        -582952.8018148504
    ],
    "valueVeffImag": [
        null,
        null,
        null,
        null,
        null,
        null
    ],
    "complex": false,
    "minimumLocation": [
        [
            -0.00025854412230416624,
            0.0006133474952074169,
            0.00031093973040462186,
            0.0001925112856529694,
            -0.00011933038694104253,
            -4.2911740930237814e-05
        ],
        [
            0.0001,
            0.0001,
            0.0001,
            0.0001,
            0.0001,
            0.0003043398232269241
        ],
        [
            33.98564102980555,
            30.965993139172248,
            28.327184876744845,
            25.90420974071311,
            23.58609724211995,
            21.284096138090487
        ]
    ],
    "bIsPerturbative": true,
    "UltraSoftTemp": null,
    "failureReason": null
}
