{
    "failureReason": null,
    "bIsPerturbative": true,
    "complexMin": false,
    "jumpsv1": [],
    "jumpsv2": [],
    "jumpsv3": [
        [
            -0.8086029222548028,
            50.0
        ],
        [
            -0.6119463461157446,
            60.0
        ],
        [
            -0.48956748447674325,
            70.0
        ],
        [
            -0.40998574753811123,
            80.0
        ],
        [
            -0.35778334274145873,
            90.0
        ]
    ],
    "strong": 0.8086029216096597,
    "UltraSoftTemp": null,
    "bmNumber": 1,
    "bmInput": {
        "thetaCPV": 2.0943951023931953,
        "ghDM": 0.0,
        "mS1": 67,
        "delta12": 4.0,
        "delta1c": 50.0,
        "deltac": 1.0,
        "darkHieracy": 1
    },
    "step": 1
}