{
    "T": [
        50.0,
        60.0,
        70.0,
        80.0,
        90.0
    ],
    "valueVeffReal": [
        -2055240.6407079108,
        -1635165.553744095,
        -1296258.8122022233,
        -1015115.1435112499,
        -779479.5401513086
    ],
    "valueVeffImag": [
        null,
        null,
        null,
        null,
        null
    ],
    "complex": false,
    "minimumLocation": [
        [
            -0.0002585454338488169,
            0.0006113109870690414,
            0.0003109449478427215,
            -1.0963445115363957e-06,
            0.00015194111566416146
        ],
        [
            0.0001,
            0.0001,
            0.0001,
            0.0001,
            0.0001
        ],
        [
            33.985641050288706,
            30.96599507406268,
            28.327184814624943,
            25.904149917195365,
            23.586265110580825
        ]
    ],
    "bIsPerturbative": true,
    "UltraSoftTemp": null,
    "failureReason": null
}