{
    "T": [
        50.0,
        60.0,
        70.0,
        80.0,
        90.0
    ],
    "valueVeffReal": [
        -2261482.7304470954,
        -1838602.9294645407,
        -1497612.9327454995,
        -1214960.872169975,
        -978631.5789927535
    ],
    "valueVeffImag": [
        null,
        null,
        null,
        null,
        null
    ],
    "complex": false,
    "minimumLocation": [
        [
            1e-06,
            1e-06,
            1e-06,
            1e-06,
            1e-06
        ],
        [
            1e-06,
            1e-06,
            1e-06,
            1e-06,
            1e-06
        ],
        [
            33.958495816016786,
            30.9209293724005,
            28.2603936578782,
            25.808512188099712,
            23.44969952742505
        ]
    ],
    "bIsPerturbative": true,
    "UltraSoftTemp": null,
    "failureReason": null
}