{
    "failureReason": null,
    "bIsPerturbative": true,
    "complexMin": false,
    "jumpsv1": [],
    "jumpsv2": [],
    "jumpsv3": [
        [
            -0.8086023697839044,
            50.0
        ],
        [
            -0.6119463463253907,
            60.0
        ],
        [
            -0.4895674844763054,
            70.0
        ],
        [
            -0.40998574753809525,
            80.0
        ],
        [
            -0.35778333493019376,
            90.0
        ]
    ],
    "strong": 0.8086023691537014,
    "UltraSoftTemp": null,
    "bmNumber": 1,
    "bmInput": {
        "thetaCPV": 2.0943951023931953,
        "ghDM": 0.0,
        "mS1": 67,
        "delta12": 4.0,
        "delta1c": 50.0,
        "deltac": 1.0,
        "darkHieracy": 1
    },
    "step": 1
}