{
    "T": [
        50.0,
        60.0,
        70.0,
        80.0,
        90.0,
        100.0
    ],
    "valueVeffReal": [
        -2055240.63755106,
        -1635165.559700623,
        -1296258.8187452538,
        -1015115.1477998841,
        -779479.5434642242,
        -582952.8018148888
    ],
    "valueVeffImag": [
        null,
        null,
        null,
        null,
        null,
        null
    ],
    "complex": false,
    "minimumLocation": [
        [
            -0.0002585441064540811,
            0.000613342816393414,
            0.00031093973305725,
            0.0001925112813801963,
            -0.00011933038581397881,
            -4.324705876472632e-05
        ],
        [
            0.0001,
            0.0001,
            0.0001,
            0.0001,
            0.0001,
            0.00030470777153051697
        ],
        [
            33.985641029808505,
            30.965993144215,
            28.32718487674244,
            25.904209740713675,
            23.58609724212638,
            21.284095862457264
        ]
    ],
    "bIsPerturbative": true,
    "UltraSoftTemp": null,
    "failureReason": null
}