{
    "failureReason": null,
    "bIsPerturbative": true,
    "complexMin": false,
    "jumpsv1": [],
    "jumpsv2": [],
    "jumpsv3": [
        [
            -0.8086029222109792,
            50.0
        ],
        [
            -0.6119463461594767,
            60.0
        ],
        [
            -0.48956748447636844,
            70.0
        ],
        [
            -0.4099857475382995,
            80.0
        ],
        [
            -0.3577833504109402,
            90.0
        ]
    ],
    "strong": 0.8086029215658361,
    "UltraSoftTemp": null,
    "bmNumber": 1,
    "bmInput": {
        "thetaCPV": 2.0943951023931953,
        "ghDM": 0.0,
        "mS1": 67,
        "delta12": 4.0,
        "delta1c": 50.0,
        "deltac": 1.0,
        "darkHieracy": 1
    },
    "step": 1
}