{
    "T": [
        50.0,
        60.0,
        70.0,
        80.0,
        90.0,
        100.0
    ],
    "valueVeffReal": [
        -2055240.6375510623,
        -1635165.559700616,
        -1296258.818745254,
        -1015115.1477998846,
        -779479.5434642248,
        -582952.8018148658
    ],
    "valueVeffImag": [
        null,
        null,
        null,
        null,
        null,
        null
    ],
    "complex": false,
    "minimumLocation": [
        [
            -0.0002585441085014989,
            0.0006133434978339847,
            0.00031093973312586176,
            0.00019251127949604374,
            -0.00011933038549439418,
            -4.303176775444402e-05
        ],
        [
            0.0001,
            0.0001,
            0.0001,
            0.0001,
            0.0001,
            0.00030437050002224853
        ],
        [
            33.985641029806544,
            30.96599314342129,
            28.327184876745225,
            25.904209740712815,
            23.586097242123365,
            21.28409603902733
        ]
    ],
    "bIsPerturbative": true,
    "UltraSoftTemp": null,
    "failureReason": null
}
