{
    "T": [
        50.0,
        60.0,
        70.0,
        80.0,
        90.0,
        100.0
    ],
    "valueVeffReal": [
        -2055240.6375510604,
        -1635165.5597006092,
        -1296258.8187452536,
        -1015115.1477998842,
        -779479.5434642243,
        -582952.8018148661
    ],
    "valueVeffImag": [
        null,
        null,
        null,
        null,
        null,
        null
    ],
    "complex": false,
    "minimumLocation": [
        [
            -0.00025854410470439737,
            0.0006133442654700921,
            0.0003109397254857024,
            0.00019251128421161195,
            -0.00011933038435531229,
            -4.299208431842328e-05
        ],
        [
            0.0001,
            0.0001,
            0.0001,
            0.0001,
            0.0001,
            0.00030442934081941094
        ],
        [
            33.98564102980727,
            30.96599314276115,
            28.32718487674526,
            25.904209740712876,
            23.58609724212168,
            21.28409606881967
        ]
    ],
    "bIsPerturbative": true,
    "UltraSoftTemp": null,
    "failureReason": null
}
