{
    "T": [
        50.0,
        60.0,
        70.0,
        80.0,
        90.0,
        100.0
    ],
    "valueVeffReal": [
        -2055240.6375510602,
        -1635165.5597006292,
        -1296258.818745254,
        -1015115.1477998842,
        -779479.5434642243,
        -582952.8018148541
    ],
    "valueVeffImag": [
        null,
        null,
        null,
        null,
        null,
        null
    ],
    "complex": false,
    "minimumLocation": [
        [
            -0.00025854412415481087,
            0.0006133419532195622,
            0.000310939735097715,
            0.00019251128504581272,
            -0.00011933038714687788,
            -4.293388565758394e-05
        ],
        [
            0.0001,
            0.0001,
            0.0001,
            0.0001,
            0.0001,
            0.00030436439682289594
        ],
        [
            33.985641029803695,
            30.965993144756904,
            28.32718487674432,
            25.90420974071604,
            23.58609724212158,
            21.28409611924908
        ]
    ],
    "bIsPerturbative": true,
    "UltraSoftTemp": null,
    "failureReason": null
}