{
    "T": [
        50.0,
        60.0,
        70.0,
        80.0,
        90.0,
        100.0
    ],
    "valueVeffReal": [
        -2055240.6375510604,
        -1635165.5597006683,
        -1296258.8187452536,
        -1015115.1477998842,
        -779479.5434642243,
        -582952.8018148598
    ],
    "valueVeffImag": [
        null,
        null,
        null,
        null,
        null,
        null
    ],
    "complex": false,
    "minimumLocation": [
        [
            -0.00025854410470439737,
            0.000613338332048699,
            0.0003109397254857024,
            0.0001925112833368152,
            -0.00011933038435531229,
            -4.297876767269098e-05
        ],
        [
            0.0001,
            0.0001,
            0.0001,
            0.0001,
            0.0001,
            0.00030441374911729837
        ],
        [
            33.98564102980727,
            30.96599314890207,
            28.32718487674526,
            25.904209740712083,
            23.58609724212168,
            21.284096082153948
        ]
    ],
    "bIsPerturbative": true,
    "UltraSoftTemp": null,
    "failureReason": null
}