{
    "T": [
        100.0,
        102.0,
        104.0,
        106.0,
        108.0,
        110.0,
        112.0,
        114.0,
        116.0,
        118.0,
        120.0,
        122.0,
        124.0,
        126.0,
        128.0,
        130.0,
        132.0,
        134.0,
        136.0,
        138.0,
        140.0,
        142.0,
        144.0,
        146.0,
        148.0,
        150.0,
        152.0,
        154.0,
        156.0,
        158.0
    ],
    "valueVeffReal": [
        -614948.9702455187,
        -580372.1717689174,
        -547209.7884969891,
        -515453.0997922218,
        -485096.0509146921,
        -456135.0463665324,
        -428568.78295443,
        -402398.11314063036,
        -377625.89819479175,
        -354257.08236272295,
        -332298.3227555541,
        -311758.2672422455,
        -292647.3972053933,
        -274978.0874552925,
        -258764.6717734159,
        -244023.56224442873,
        -230773.4289946685,
        -219035.42664047173,
        -208833.6210115143,
        -200195.50696749814,
        -193152.90284296888,
        -187743.29211047007,
        -184012.24129759826,
        -182017.98276955556,
        -181842.06964208087,
        -183624.44697428597,
        -187712.19499635283,
        -192591.2578553923,
        -197673.94472788513,
        -202956.2763939632
    ],
    "valueVeffImag": [
        0.0,
        0.0,
        0.0,
        0.0,
        0.0,
        0.0,
        0.0,
        0.0,
        0.0,
        0.0,
        0.0,
        0.0,
        0.0,
        0.0,
        0.0,
        0.0,
        0.0,
        0.0,
        0.0,
        0.0,
        0.0,
        0.0,
        0.0,
        0.0,
        0.0,
        0.0,
        0.0,
        0.0,
        0.0,
        0.0
    ],
    "minimumLocation": [
        [
            -3.984195883796268e-05,
            -3.8009939827582384e-05,
            -6.021354169221879e-06,
            -3.422041973639295e-06,
            3.4481086288773704e-05,
            -1.0058363282084391e-05,
            -0.00019749515962507467,
            1.1702719965159258e-05,
            0.0032474855042666784,
            6.653892526920988e-07,
            6.878225701556495e-06,
            7.668643570099554e-05,
            -4.873063994714766e-06,
            1.783217209644361e-06,
            -0.0005551020600255601,
            0.000827099324459589,
            0.00018770539523477008,
            0.00029047540148340045,
            -1.0331358921849415e-05,
            -6.186987442063918e-05,
            -1.1855288977249967e-06,
            0.00037863380777119517,
            0.0002616463346352127,
            0.0011504218511490787,
            -5.056331381109343e-05,
            0.0002373594825725153,
            6.520732792059114e-07,
            1.4300651747295098e-06,
            0.0,
            1.4011125391965988e-06
        ],
        [
            0.0005067124802993367,
            0.000757778595176141,
            0.0001,
            0.0001,
            0.0001,
            0.0001,
            0.0003018096457688779,
            0.0001,
            0.0001,
            0.0001,
            0.0001,
            0.0001,
            0.0001,
            0.0001,
            0.0001,
            0.0001,
            0.0001,
            0.0009007365041893154,
            0.0002455566504777045,
            0.0001,
            0.0001,
            0.0001,
            0.0001,
            0.0001,
            0.0001,
            0.0001,
            0.0001,
            0.0001,
            0.0001,
            0.0001
        ],
        [
            21.561240333079237,
            21.107117802082033,
            20.649778604751873,
            20.18888394517202,
            19.723564396479432,
            19.25297274885476,
            18.776618974203476,
            18.29280643400889,
            17.801422739481357,
            17.300305568453375,
            16.788850671861667,
            16.265255019804993,
            15.728015031949315,
            15.174823555083192,
            14.602601188169611,
            14.011783826885521,
            13.392158082158867,
            12.745421666259068,
            12.061661542583696,
            11.334116787492064,
            10.553976284161166,
            9.700161358278752,
            8.746508794121443,
            7.647221128117863,
            6.298226579969209,
            4.344728415488056,
            0.0001,
            0.0001,
            0.0001,
            0.0001
        ]
    ],
    "bIsPerturbative": true,
    "badReason": ""
}