{
    "T": [
        100.0,
        102.0,
        104.0,
        106.0,
        108.0,
        110.0,
        112.0,
        114.0,
        116.0,
        118.0,
        120.0,
        122.0,
        124.0,
        126.0,
        128.0,
        130.0,
        132.0,
        134.0,
        136.0,
        138.0,
        140.0,
        142.0,
        144.0,
        146.0,
        148.0,
        150.0,
        152.0,
        154.0,
        156.0,
        158.0
    ],
    "vevDepthReal": [
        -614948.9702455178,
        -580372.1717689163,
        -547209.7451491738,
        -515453.0997922034,
        -485096.0509147,
        -456135.0463762732,
        -428568.78303484956,
        -402398.1131473594,
        -377625.8981947921,
        -354257.08236272185,
        -332298.32275555324,
        -311758.2672423607,
        -292647.3972054142,
        -274978.08745529165,
        -258764.67177343447,
        -244023.5622444359,
        -230773.42985988595,
        -219035.4268030737,
        -208833.62101159408,
        -200195.49878790893,
        -193152.9024109118,
        -187743.2921104699,
        -184012.24122227723,
        -182017.98523419842,
        -181842.06964207726,
        -183624.4468374803,
        -187712.1949963528,
        -192591.25785539232,
        -197673.9447278929,
        -202956.2763939633
    ],
    "vevDepthImag": [
        0.0,
        0.0,
        0.0,
        0.0,
        0.0,
        0.0,
        0.0,
        0.0,
        0.0,
        0.0,
        0.0,
        0.0,
        0.0,
        0.0,
        0.0,
        0.0,
        0.0,
        0.0,
        0.0,
        0.0,
        0.0,
        0.0,
        0.0,
        0.0,
        0.0,
        0.0,
        0.0,
        0.0,
        0.0,
        0.0
    ],
    "vevLocation": [
        [
            -3.984196389086522e-05,
            -3.8009943610514685e-05,
            -0.002726317686240945,
            -3.464151441846808e-06,
            3.4449547818865556e-05,
            8.295740501346183e-06,
            0.0002509149376295674,
            4.311618085339752e-06,
            0.003247485443437337,
            6.653830198731503e-07,
            6.878024154763351e-06,
            7.659441416604795e-05,
            -4.780960141226309e-06,
            1.790013311103733e-06,
            -0.0005550978388151702,
            0.0008270989374673729,
            1.3179089407150402e-06,
            0.00050925312055786,
            -1.033096508954931e-05,
            0.0005596531327615908,
            -0.0002619030154059829,
            0.0003786338030672201,
            0.0002867148194606317,
            -1.2165862652801368e-05,
            -5.0561293714414084e-05,
            5.755586469040981e-05,
            6.520741047677525e-07,
            1.4300662037310466e-06,
            1.4300662037310466e-06,
            1.4300662037310466e-06
        ],
        [
            0.0005067124132652381,
            0.0007577786030963617,
            0.0006051182964990246,
            0.0001,
            0.0001,
            0.0001,
            0.0001,
            0.0001,
            0.0001,
            0.0001,
            0.0001,
            0.0001,
            0.0001,
            0.0001,
            0.0001,
            0.0001,
            0.0001,
            0.0007276321631522848,
            0.00024556543998565115,
            0.0008037620977503776,
            0.0001,
            0.0001,
            0.0001,
            0.0001,
            0.0001,
            0.0001,
            0.0001,
            0.0001,
            0.0001,
            0.0001
        ],
        [
            21.561240333090467,
            21.107117802082097,
            20.647500650699637,
            20.1888840125922,
            19.723564380965247,
            19.25301606891266,
            18.776206375779033,
            18.292847088139048,
            17.801422739546293,
            17.300305568472886,
            16.788850669526383,
            16.265255158572476,
            15.728015320450567,
            15.174823551287487,
            14.602601189438582,
            14.011783825834893,
            13.392763945974067,
            12.745087024560105,
            12.061661581259777,
            11.333219776598371,
            10.553426048593792,
            9.700161358277098,
            8.746492084855038,
            7.650254051233441,
            6.2982265870411664,
            4.346769396136468,
            0.0001,
            0.0001,
            0.0001,
            0.0001
        ]
    ],
    "bIsPerturbative": [
        true,
        true,
        true,
        true,
        true,
        true,
        true,
        true,
        true,
        true,
        true,
        true,
        true,
        true,
        true,
        true,
        true,
        true,
        true,
        true,
        true,
        true,
        true,
        true,
        true,
        true,
        true,
        true,
        true,
        true
    ],
    "bIsBounded": []
}