{
    "T": [
        100.0,
        102.0,
        104.0,
        106.0,
        108.0,
        110.0,
        112.0,
        114.0,
        116.0,
        118.0,
        120.0,
        122.0,
        124.0,
        126.0,
        128.0,
        130.0,
        132.0,
        134.0,
        136.0,
        138.0,
        140.0,
        142.0,
        144.0,
        146.0,
        148.0,
        150.0,
        152.0,
        154.0,
        156.0,
        158.0
    ],
    "valueVeffReal": [
        -610256.2789694578,
        -575852.0854679085,
        -542863.5090730751,
        -511280.7913954706,
        -481097.00408637756,
        -452307.8605816917,
        -424911.54471871007,
        -398908.5990541184,
        -374301.7898650148,
        -351096.0656458644,
        -329298.4204486216,
        -308917.93276941974,
        -289965.70651269774,
        -272454.9228694537,
        -256400.859946986,
        -241821.02045623303,
        -228735.33385024508,
        -217166.32214273792,
        -207139.5656534337,
        -198684.2625104314,
        -191834.10117380624,
        -186628.77899295106,
        -183116.60304058532,
        -181359.68495663092,
        -181446.4730984413,
        -183537.47842700518,
        -187889.65954807945,
        -192786.2683495469,
        -197885.56246947031,
        -203183.73558126818
    ],
    "valueVeffImag": [
        null,
        null,
        null,
        null,
        null,
        null,
        null,
        null,
        null,
        null,
        null,
        null,
        null,
        null,
        null,
        null,
        null,
        null,
        null,
        null,
        null,
        null,
        null,
        null,
        null,
        null,
        null,
        null,
        null,
        null
    ],
    "complex": false,
    "minimumLocation": [
        [
            0.0002077173653952779,
            5.052647498266297e-05,
            6.488210156783275e-06,
            -0.0003782494531813785,
            -0.00024151905464718515,
            -0.00022686248784033886,
            -0.00036593749824670414,
            0.00034747441446909225,
            -0.0009455236268909387,
            -4.684964109855777e-06,
            0.0006888950283867098,
            1.9806463544477793e-06,
            -0.0005065511583222078,
            -0.00013263061147287397,
            -1.7386200279485148e-06,
            0.0004656333024129697,
            1.2039490812763056e-06,
            -8.675844507367218e-05,
            0.000936717296050037,
            5.865045423381716e-05,
            -0.0001623877854422598,
            -6.313913806288429e-06,
            0.00046778822511854556,
            0.001094829064787384,
            1.4448262502745474e-06,
            -2.349303288630422e-05,
            -6.688047402747532e-05,
            1.4532087464491639e-06,
            0.0,
            0.0
        ],
        [
            0.0001,
            0.0001,
            0.0001,
            0.0001,
            0.0001,
            0.0001,
            0.0001,
            0.0001,
            0.0007872452843770289,
            0.0001,
            0.00034154291077572753,
            0.0001,
            0.0001,
            0.0001,
            0.0001,
            0.0008057262839255345,
            0.0001,
            0.0001,
            0.0001,
            0.0001,
            0.0001,
            0.0001,
            0.0001,
            0.0001,
            0.0001,
            0.0004230923268117581,
            0.0001,
            0.0001,
            0.0001,
            0.0001
        ],
        [
            21.535069884710833,
            21.08059720912471,
            20.621778993106958,
            20.15970353032846,
            19.69370734748225,
            19.22191853544586,
            18.74380162508382,
            18.25931773469752,
            17.76670234005446,
            17.26292264308403,
            16.748783873331636,
            16.223151934866337,
            15.683299875539605,
            15.12576934498719,
            14.550555475736216,
            13.951411440828926,
            13.329651909488215,
            12.675693449109952,
            11.983982983134696,
            11.248076505082231,
            10.453765723899139,
            9.584117497826737,
            8.609160136604011,
            7.476830708612692,
            6.0611948031924605,
            3.897922971123562,
            0.0001,
            0.0001,
            0.0001,
            0.0001
        ]
    ],
    "bIsPerturbative": true,
    "UltraSoftTemp": 138.0,
    "failureReason": null
}