{
    "T": [
        100.0,
        102.0,
        104.0,
        106.0,
        108.0,
        110.0,
        112.0,
        114.0,
        116.0,
        118.0,
        120.0,
        122.0,
        124.0,
        126.0,
        128.0,
        130.0,
        132.0,
        134.0,
        136.0,
        138.0,
        140.0,
        142.0,
        144.0,
        146.0,
        148.0,
        150.0,
        152.0,
        154.0,
        156.0,
        158.0
    ],
    "valueVeffReal": [
        -610256.2790016007,
        -575852.0854679085,
        -542863.509073075,
        -511280.79202078935,
        -481097.0041169252,
        -452307.8605816916,
        -424911.54471871024,
        -398908.59905401204,
        -374301.79199846776,
        -351096.06564586516,
        -329298.4204486218,
        -308917.9327694198,
        -289965.70651270164,
        -272454.9228694779,
        -256400.8599469858,
        -241821.02844617266,
        -228735.33371485228,
        -217166.321865853,
        -207139.56476268763,
        -198684.2625104314,
        -191834.0991106287,
        -186628.7562839679,
        -183116.60188927012,
        -181359.6803845907,
        -181446.47309844143,
        -183537.47877987273,
        -187889.65956585592,
        -192786.2683495469,
        -197885.56246947031,
        -203183.73558126827
    ],
    "valueVeffImag": [
        null,
        null,
        null,
        null,
        null,
        null,
        null,
        null,
        null,
        null,
        null,
        null,
        null,
        null,
        null,
        null,
        null,
        null,
        null,
        null,
        null,
        null,
        null,
        null,
        null,
        null,
        null,
        null,
        null,
        null
    ],
    "complex": false,
    "minimumLocation": [
        [
            -0.00012440174678222775,
            5.0526485673075064e-05,
            6.488207408427912e-06,
            6.586058455694543e-06,
            -0.00022594538772346268,
            -0.0002268624912237921,
            -0.0003659374985813235,
            0.0003475165523833942,
            -0.0001326033098967283,
            -4.6804220889713755e-06,
            0.0006888950267881552,
            1.9832796112340123e-06,
            -0.0005065499081329883,
            -0.00013263737213387028,
            -1.739770424261447e-06,
            0.00013336724976749804,
            -1.54308795811851e-05,
            -0.0002350301381097153,
            -0.0003374206216310016,
            5.86504554729232e-05,
            -0.0007123291296891269,
            0.0009087391134287581,
            0.0001612616435807527,
            -0.001426483612217695,
            1.4445255519437289e-06,
            -0.00029888764477169205,
            1.414111488432998e-06,
            1.453209410723355e-06,
            0.0,
            0.0
        ],
        [
            0.0001,
            0.0001,
            0.0001,
            0.0001,
            0.0001,
            0.0001,
            0.0001,
            0.0001,
            0.001344968122824801,
            0.0001,
            0.0001,
            0.00034154290939712777,
            0.0001,
            0.0001,
            0.0001,
            0.0001,
            0.0001,
            0.00022708064719622332,
            0.0001,
            0.0001,
            0.0001,
            0.0001,
            0.0002463665261931463,
            0.0001,
            0.0007295058327558382,
            0.0001,
            0.0001,
            0.0001,
            0.0001,
            0.0001,
            0.0001,
            0.0001,
            0.0001
        ],
        [
            21.53512485293414,
            21.080597209136407,
            20.621778993109213,
            20.15995115410537,
            19.693688819406695,
            19.221918535448996,
            18.74380162508376,
            18.259317749585858,
            17.767021685746595,
            17.262922648593346,
            16.748783873332005,
            16.223151931633964,
            15.683299875537912,
            15.125769361519684,
            14.550555469357453,
            13.953012554364653,
            13.329650193879507,
            12.675923982023292,
            11.98630649837318,
            11.248076504942428,
            10.45334314093154,
            9.579591745175152,
            8.60920263374094,
            7.473552902525386,
            6.061194813074839,
            3.8978235090545756,
            0.0001,
            0.0001,
            0.0001,
            0.0001
        ]
    ],
    "bIsPerturbative": true,
    "UltraSoftTemp": 138.0,
    "failureReason": null
}
