{
    "T": [
        50.0,
        60.0,
        70.0,
        80.0,
        90.0
    ],
    "valueVeff": [
        -2056164.9859722082,
        -1635975.319111581,
        -1296716.0418898975,
        -1015196.4715992496,
        -778928.011372943
    ],
    "minimumLocation": [
        [
            1e-06,
            1e-06,
            1e-06,
            1e-06,
            1e-06
        ],
        [
            1e-06,
            1e-06,
            1e-06,
            1e-06,
            1e-06
        ],
        [
            33.98369818310613,
            30.99484872263156,
            28.220408210662544,
            25.90137276246188,
            23.591695619439932
        ]
    ],
    "bIsPerturbative": true,
    "UltraSoftTemp": -1,
    "bBoundFromBelow": true
}