{
    "T": [
        50.0,
        60.0,
        70.0,
        80.0,
        90.0
    ],
    "valueVeff": [
        -2056171.9131155633,
        -1635969.6511821635,
        -1296787.7822542253,
        -1015206.824901112,
        -778914.4280501852
    ],
    "minimumLocation": [
        [
            1e-06,
            1e-06,
            1e-06,
            1e-06,
            1e-06
        ],
        [
            1e-06,
            1e-06,
            1e-06,
            1e-06,
            1e-06
        ],
        [
            33.962720934867704,
            30.963032564202287,
            28.32571510026183,
            25.909765742372585,
            23.646668910024786
        ]
    ],
    "bIsPerturbative": true,
    "UltraSoftTemp": null,
    "failureReason": null
}