{
    "T": [
        50.0,
        60.0,
        70.0,
        80.0,
        90.0
    ],
    "valueVeff": [
        -2056156.2082894333,
        -1635967.9309660625,
        -1296732.334209115,
        -1015196.3907247941,
        -778929.7274050593
    ],
    "minimumLocation": [
        [
            1e-06,
            1e-06,
            1e-06,
            1e-06,
            1e-06
        ],
        [
            1e-06,
            1e-06,
            1e-06,
            1e-06,
            1e-06
        ],
        [
            33.948117944469445,
            30.950019370015813,
            28.23270661321473,
            25.90046126409157,
            23.629774524646567
        ]
    ],
    "bIsPerturbative": true,
    "UltraSoftTemp": -1,
    "bBoundFromBelow": true
}