{
    "T": [
        50.0,
        60.0,
        70.0,
        80.0,
        90.0
    ],
    "valueVeff": [
        -2056156.2909348665,
        -1635967.603153337,
        -1296792.144535661,
        -1015196.7220495805,
        -778936.6249004625
    ],
    "minimumLocation": [
        [
            1e-06,
            1e-06,
            1e-06,
            1e-06,
            1e-06
        ],
        [
            1e-06,
            1e-06,
            1e-06,
            1e-06,
            1e-06
        ],
        [
            33.950867944441946,
            30.94857265415827,
            28.297411331369236,
            25.90554604469112,
            23.58288435735712
        ]
    ],
    "bIsPerturbative": true,
    "UltraSoftTemp": -1,
    "bBoundFromBelow": true
}