{
    "T": [
        50.0,
        60.0,
        70.0,
        80.0,
        90.0
    ],
    "valueVeffReal": [
        -2056162.461068462,
        -1635902.5790046023,
        -1296797.0014081565,
        -1015206.7646145993,
        -778933.9578106831
    ],
    "valueVeffImag": [
        null,
        null,
        null,
        null,
        null
    ],
    "complex": false,
    "minimumLocation": [
        [
            1e-06,
            1e-06,
            1e-06,
            1e-06,
            1e-06
        ],
        [
            1e-06,
            1e-06,
            1e-06,
            1e-06,
            1e-06
        ],
        [
            33.964939704099464,
            31.069709537039536,
            28.34495498164443,
            25.905644367734904,
            23.614320037515782
        ]
    ],
    "bIsPerturbative": true,
    "UltraSoftTemp": null,
    "failureReason": null
}