{
    "T": [
        50.0,
        60.0,
        70.0,
        80.0,
        90.0
    ],
    "valueVeff": [
        -2056168.236041667,
        -1635969.674305011,
        -1296787.7111860106,
        -1015195.1587964572,
        -778927.1452216748
    ],
    "minimumLocation": [
        [
            1e-06,
            1e-06,
            1e-06,
            1e-06,
            1e-06
        ],
        [
            1e-06,
            1e-06,
            1e-06,
            1e-06,
            1e-06
        ],
        [
            34.01357200587902,
            30.970301062042314,
            28.33510564654697,
            25.926452632387573,
            23.580319811148797
        ]
    ],
    "bIsPerturbative": true,
    "UltraSoftTemp": -1,
    "bBoundFromBelow": true
}