{
    "T": [
        50.0,
        60.0,
        70.0,
        80.0,
        90.0
    ],
    "valueVeff": [
        -2056164.9891281354,
        -1635904.8601099132,
        -1296793.110665246,
        -1015000.7234977346,
        -778923.7003148639
    ],
    "minimumLocation": [
        [
            1e-06,
            1e-06,
            1e-06,
            1e-06,
            1e-06
        ],
        [
            1e-06,
            1e-06,
            1e-06,
            1e-06,
            1e-06
        ],
        [
            33.98450913455441,
            31.06795370636212,
            28.300039936476207,
            25.718915351864354,
            23.564029109764494
        ]
    ],
    "bIsPerturbative": true,
    "UltraSoftTemp": null,
    "failureReason": null
}