{
    "T": [
        100.0,
        102.0,
        104.0,
        106.0,
        108.0,
        110.0,
        112.0,
        114.0,
        116.0,
        118.0,
        120.0,
        122.0,
        124.0,
        126.0,
        128.0,
        130.0,
        132.0,
        134.0,
        136.0,
        138.0,
        140.0,
        142.0,
        144.0,
        146.0,
        148.0,
        150.0,
        152.0,
        154.0,
        156.0,
        158.0
    ],
    "vevDepthReal": [
        -614952.1523081998,
        -580375.4533343364,
        -547213.1043699129,
        -515456.3999534764,
        -485099.27630955144,
        -456138.16054608265,
        -428571.74272888975,
        -402400.88030616235,
        -377628.4698243243,
        -354259.3844954038,
        -332300.3644189059,
        -311760.0428582148,
        -292648.9042286553,
        -274979.3306591867,
        -258765.66471704602,
        -244024.32287844477,
        -230773.97078803272,
        -219035.7821977897,
        -208833.81902708596,
        -200195.5819085753,
        -193152.88226093492,
        -187743.21312005867,
        -184012.13602304866,
        -182017.88558502437,
        -181841.99608889414,
        -183624.42363435635,
        -187712.22721902945,
        -192591.2928009044,
        -197673.9791326272,
        -202956.30574394358
    ],
    "vevDepthImag": [
        -3.319512051368524e-19,
        -9.21951218843675e-20,
        -5.112273933338866e-21,
        0.0,
        -1.3817912615427284e-18,
        0.0,
        -5.761759176546945e-20,
        0.0,
        -6.792334040699745e-19,
        0.0,
        0.0,
        0.0,
        -2.3694937511834387e-22,
        -5.4008858016853354e-21,
        0.0,
        0.0,
        -2.2866329828959383e-19,
        -1.2856613643325129e-20,
        -2.5638565131019205e-22,
        0.0,
        -1.6051554042165754e-23,
        0.0,
        -1.5450102749677746e-20,
        0.0,
        0.0,
        0.0,
        -5.135274652857881e-23,
        0.0,
        0.0,
        0.0
    ],
    "vevLocation": [
        [
            -0.0006315825880266468,
            -0.0003310715539602549,
            -7.754242402080447e-05,
            9.10961162388594e-05,
            -0.0012611235111191915,
            0.00024218030056411162,
            -0.00025473552625188134,
            1.2766217436607774e-05,
            -0.0008651133599596045,
            6.898470232101495e-07,
            0.00018368329373906651,
            0.00011087496791825635,
            -1.5806787587474558e-05,
            -7.505084075223878e-05,
            2.342077367316342e-06,
            9.601613516110885e-05,
            -0.0004803305605753167,
            -0.00011326953483991025,
            -1.590773997127634e-05,
            8.216740784417441e-07,
            -3.936918339177995e-06,
            0.00028145446268472776,
            -0.0001208180208737003,
            3.5247758753714775e-05,
            0.0003475597969787665,
            0.00047173863358938167,
            -6.818787461535664e-06,
            1.332839746759698e-06,
            1.332839746759698e-06,
            1.332839746759698e-06
        ],
        [
            0.0001,
            0.0001,
            0.0005594612261137945,
            0.0001,
            0.0001,
            0.0007271190986540438,
            0.0001,
            0.0001,
            0.0005976359919321025,
            0.0001,
            0.0001,
            0.0001,
            0.0001,
            0.0001,
            0.0001,
            0.0001,
            0.0001,
            0.0001,
            0.0001,
            0.0001,
            0.0001,
            0.0001,
            0.0001,
            0.0001,
            0.00023825294349762058,
            0.0001,
            0.0001,
            0.0001,
            0.0001,
            0.0001
        ],
        [
            21.562211148779348,
            21.107114571088783,
            20.65039840268746,
            20.18853229974617,
            19.724342309760157,
            19.252643513018803,
            18.776372237152177,
            18.292863282531293,
            17.800513507240453,
            17.300361995783334,
            16.78960242069538,
            16.265703827010288,
            15.728128016841218,
            15.174754540873929,
            14.60335864394197,
            14.010405471618329,
            13.392731028213877,
            12.746428864039041,
            12.062487225503288,
            11.335661295078317,
            10.553826574495965,
            9.70014159030325,
            8.746576297821651,
            7.648318784709733,
            6.296894560219536,
            4.347802602056214,
            0.0001,
            0.0001,
            0.0001,
            0.0001
        ]
    ],
    "bIsPerturbative": [
        true,
        true,
        true,
        true,
        true,
        true,
        true,
        true,
        true,
        true,
        true,
        true,
        true,
        true,
        true,
        true,
        true,
        true,
        true,
        true,
        true,
        true,
        true,
        true,
        true,
        true,
        true,
        true,
        true,
        true
    ],
    "failureReason": false
}