{
    "T": [
        100.0,
        102.0,
        104.0,
        106.0,
        108.0,
        110.0,
        112.0,
        114.0,
        116.0,
        118.0,
        120.0,
        122.0,
        124.0,
        126.0,
        128.0,
        130.0,
        132.0,
        134.0,
        136.0,
        138.0,
        140.0,
        142.0,
        144.0,
        146.0,
        148.0,
        150.0,
        152.0,
        154.0,
        156.0,
        158.0,
        160.0,
        162.0
    ],
    "valueVeffReal": [
        -6431072.235544633,
        -6402232.711370023,
        -6374768.474093051,
        -6348662.771050217,
        -6323901.494925543,
        -6300473.008466127,
        -6278367.949111895,
        -6257579.10087671,
        -6238101.255339883,
        -6219931.094564046,
        -6203067.106764706,
        -6187509.501349371,
        -6173260.166834904,
        -6160322.621565103,
        -6148701.979542913,
        -6138404.972394436,
        -6129439.970248614,
        -6121817.079107211,
        -6115548.159829763,
        -6110647.095957817,
        -6107129.987198689,
        -6105015.538921406,
        -6104325.629197538,
        -6105086.3577080155,
        -6107329.354115671,
        -6111094.948685903,
        -6116438.207319626,
        -6123445.73131138,
        -6132327.551414336,
        -6143035.79265542,
        -6154045.971035572,
        -6165332.153590033
    ],
    "valueVeffImag": [
        null,
        null,
        null,
        null,
        null,
        null,
        null,
        null,
        null,
        null,
        null,
        null,
        null,
        null,
        null,
        null,
        null,
        null,
        null,
        null,
        null,
        null,
        null,
        null,
        null,
        null,
        null,
        null,
        null,
        null,
        null,
        null
    ],
    "complex": false,
    "minimumLocation": [
        [
            0.00033340850929629485,
            -9.035627778945267e-06,
            -5.883646485839401e-06,
            -8.677040761322742e-06,
            -1.2957762552270993e-05,
            -1.9701862380099467e-05,
            -3.0206695468889037e-05,
            0.00014916401445281253,
            -5.9371915695028874e-05,
            7.211392302822341e-05,
            -1.9734656375273996e-06,
            7.729312210377325e-05,
            -1.2450422416112402e-05,
            2.613893363722199e-05,
            -4.849539899761009e-05,
            2.746361312639875e-05,
            -5.41265659455176e-05,
            -3.65865355974309e-05,
            -3.705700749844583e-05,
            1.614246365837452e-05,
            -5.343104727444015e-06,
            -0.0001528449740473732,
            -3.0100288091898116e-05,
            0.00016842222136249484,
            2.4748986779163373e-05,
            7.497961054315892e-05,
            0.00013819873387445282,
            -0.00026767989076616205,
            -0.0005652635486332325,
            3.872542043981131e-11,
            8.448864340267204e-08,
            0.0
        ],
        [
            0.0001,
            0.0001,
            0.0001,
            0.0001,
            0.0001,
            0.0001,
            0.0001,
            0.0001,
            0.0001,
            0.0001,
            0.00010589635560839744,
            0.0001,
            0.0001,
            0.0001,
            0.0001,
            0.0001,
            0.0001,
            0.0001,
            0.0001,
            0.0001,
            0.0001,
            0.0001,
            0.0001,
            0.0001,
            0.0001,
            0.0001,
            0.0001,
            0.0001,
            0.0001,
            0.0001,
            0.0001,
            0.0001
        ],
        [
            21.763819486673277,
            21.335023360421,
            20.904258821215596,
            20.471626614449395,
            20.036517942424478,
            19.59829785084989,
            19.15632302780962,
            18.71018159925796,
            18.25845952564286,
            17.80020229887533,
            17.335204401264352,
            16.8623331530196,
            16.380275627983018,
            15.887315356225024,
            15.383193291210091,
            14.864450097155764,
            14.328803486755799,
            13.778589412430797,
            13.205690419948843,
            12.606730144177211,
            11.978705460492796,
            11.313505379173991,
            10.600218709679995,
            9.839395447491457,
            8.994158764729248,
            8.044839269842456,
            6.922768584045637,
            5.462238021980906,
            0.0001,
            0.0001,
            0.0001,
            0.0001
        ]
    ],
    "bIsPerturbative": true,
    "UltraSoftTemp": 154.0,
    "failureReason": null
}