{
    "T": [
        100.0,
        102.0,
        104.0,
        106.0,
        108.0,
        110.0,
        112.0,
        114.0,
        116.0,
        118.0,
        120.0,
        122.0,
        124.0,
        126.0,
        128.0,
        130.0,
        132.0,
        134.0,
        136.0,
        138.0,
        140.0,
        142.0,
        144.0,
        146.0,
        148.0,
        150.0,
        152.0,
        154.0,
        156.0,
        158.0,
        160.0,
        162.0,
        164.0
    ],
    "valueVeffReal": [
        -6431162.7549874475,
        -6402348.502785433,
        -6374900.203052885,
        -6348796.344346695,
        -6324031.676855964,
        -6300602.711064566,
        -6278498.853782787,
        -6257711.9296269845,
        -6238236.001186908,
        -6220067.224018898,
        -6203203.708089578,
        -6187645.454656007,
        -6173394.207564573,
        -6160453.446011715,
        -6148828.3297422165,
        -6138525.6809890615,
        -6129554.001030575,
        -6121923.540310496,
        -6115646.35158995,
        -6110736.493309645,
        -6107210.24689725,
        -6105086.496124,
        -6104387.305494228,
        -6105138.8358139405,
        -6107372.919580401,
        -6111129.943762286,
        -6116465.009927505,
        -6123464.629445095,
        -6132337.140322279,
        -6143043.244956428,
        -6154052.867292706,
        -6165338.608225978,
        -6176886.318153729
    ],
    "valueVeffImag": [
        null,
        null,
        null,
        null,
        null,
        null,
        null,
        null,
        null,
        null,
        null,
        null,
        null,
        null,
        null,
        null,
        null,
        null,
        null,
        null,
        null,
        null,
        null,
        null,
        null,
        null,
        null,
        null,
        null,
        null,
        null,
        null,
        null
    ],
    "complex": false,
    "minimumLocation": [
        [
            -0.00015992170525971178,
            8.936201943544891e-06,
            5.784997418978693e-06,
            8.613318537390645e-06,
            5.967128207304533e-06,
            1.953034059922043e-05,
            2.999397443783337e-05,
            3.2798230000879135e-05,
            -6.127021299065071e-05,
            7.231144841799765e-05,
            -0.0003845467780255341,
            -3.069283577408072e-05,
            1.2419847608061217e-05,
            -2.613048236639777e-05,
            -4.543002028606965e-05,
            6.69731026703077e-05,
            0.0003224241514221554,
            3.6337844481241556e-05,
            3.707942558945157e-05,
            -1.5971039870019382e-05,
            5.338430933954298e-06,
            -5.282874079702224e-05,
            3.7383098578230856e-05,
            8.995557616532602e-05,
            3.168200522891962e-05,
            0.00018709772622856231,
            -0.0001269186511668771,
            -6.6102238578650174e-06,
            1.9318047815163877e-05,
            3.174354080863473e-06,
            0.0,
            1.0104441322386253e-17,
            0.0
        ],
        [
            0.0001,
            0.0001,
            0.0001,
            0.0001,
            0.0001,
            0.0001,
            0.0001,
            0.0001,
            0.0001,
            0.0001,
            0.0001,
            0.0001,
            0.0001,
            0.0001,
            0.0001,
            0.0001,
            0.0001,
            0.0001,
            0.0001,
            0.0001,
            0.0001,
            0.0001,
            0.0001,
            0.00014805703273025432,
            0.0001353583169623809,
            0.0001,
            0.0001,
            0.0001,
            0.0001,
            0.0001,
            0.0001,
            0.0001,
            0.0001
        ],
        [
            21.765686122167796,
            21.33665488880047,
            20.906202725795783,
            20.473684497649327,
            20.038544478344992,
            19.60048102302303,
            19.158635609852183,
            18.711928621329275,
            18.26106847149248,
            17.80301067761445,
            17.338701939120188,
            16.864678296984973,
            16.383628209665574,
            15.890826137775123,
            15.386853575302478,
            14.868949097686265,
            14.334617847061017,
            13.782589915214487,
            13.20980017271269,
            12.610914089399811,
            11.98297257677862,
            11.319299881726272,
            10.609522745318808,
            9.84292455460101,
            9.000059379102442,
            8.048910020292771,
            6.9249908976114005,
            5.476303160125714,
            2.4936879899021123,
            0.0001,
            0.0001,
            0.0001,
            0.0001
        ]
    ],
    "bIsPerturbative": true,
    "UltraSoftTemp": 154.0,
    "failureReason": null
}