{
    "T": [
        100.0,
        102.0,
        104.0,
        106.0,
        108.0,
        110.0,
        112.0,
        114.0,
        116.0,
        118.0,
        120.0,
        122.0,
        124.0,
        126.0,
        128.0,
        130.0,
        132.0,
        134.0,
        136.0,
        138.0,
        140.0,
        142.0,
        144.0,
        146.0,
        148.0,
        150.0,
        152.0,
        154.0,
        156.0,
        158.0,
        160.0,
        162.0,
        164.0
    ],
    "vevDepthReal": [
        -6434979.768454379,
        -6406075.555238193,
        -6378538.3463446135,
        -6352346.170088059,
        -6327492.0379626425,
        -6303973.123976599,
        -6281778.408967259,
        -6260899.305550229,
        -6241329.475127802,
        -6223064.665555771,
        -6206102.59221511,
        -6190442.837664637,
        -6176086.753575084,
        -6163037.407276368,
        -6151299.537576053,
        -6140879.536448838,
        -6131785.452682415,
        -6124027.079780163,
        -6117615.955322303,
        -6112565.600541498,
        -6108891.690940853,
        -6106612.421434579,
        -6105749.035065476,
        -6106326.672256912,
        -6108375.800657266,
        -6111934.779846872,
        -6117055.235771402,
        -6123815.8277239455,
        -6132382.434485001,
        -6142945.791865523,
        -6153932.557662453,
        -6165198.757211246,
        -6176728.983321932
    ],
    "vevDepthImag": [
        0.0,
        0.0,
        0.0,
        0.0,
        0.0,
        0.0,
        0.0,
        0.0,
        0.0,
        0.0,
        0.0,
        0.0,
        0.0,
        0.0,
        0.0,
        0.0,
        0.0,
        0.0,
        0.0,
        0.0,
        0.0,
        0.0,
        0.0,
        0.0,
        0.0,
        0.0,
        0.0,
        0.0,
        0.0,
        0.0,
        0.0,
        0.0,
        0.0
    ],
    "vevLocation": [
        [
            0.00021416492837670123,
            -9.384541314361611e-06,
            -5.251482092982689e-06,
            -7.82398500478593e-06,
            6.911371105809347e-06,
            1.7655492926499714e-05,
            2.7183224050093976e-05,
            -0.00014574592552045907,
            -2.272627912054681e-05,
            -9.927359208690504e-07,
            -0.00016317661692497043,
            6.952194204423723e-05,
            -1.2349375434511699e-05,
            2.6047581551707144e-05,
            -2.6837826487210526e-05,
            2.7375353642052113e-05,
            -5.377019679406853e-05,
            -9.098113004841514e-09,
            3.820825054843603e-05,
            -1.0918375156022194e-05,
            -1.0237218310059275e-05,
            -1.5644538965132135e-05,
            0.00011975683416917682,
            -0.0002514826960557546,
            -3.1940228613486915e-05,
            -7.387004960380389e-07,
            2.6356212373449498e-05,
            3.210159712029292e-05,
            9.97875053478539e-05,
            3.5947033383797178e-09,
            2.8886572318170822e-09,
            2.8886572318170822e-09,
            1.298354327968897e-13
        ],
        [
            0.0001,
            0.0001,
            0.0001,
            0.0001,
            0.0001,
            0.0001,
            0.0001,
            0.0001,
            0.00016329749860625792,
            0.0001,
            0.0001,
            0.0001,
            0.0001,
            0.0001,
            0.0001,
            0.0001,
            0.0001,
            0.0001,
            0.0001,
            0.0001,
            0.0001,
            0.0001,
            0.00013470514335481518,
            0.0001,
            0.0001,
            0.0001,
            0.0001,
            0.0001,
            0.0001,
            0.0001,
            0.0001,
            0.0001,
            0.0001
        ],
        [
            21.776226633658876,
            21.348996206097567,
            20.919813189456622,
            20.488672290344,
            20.05497157438493,
            19.61852832039998,
            19.17840589625404,
            18.73428610460636,
            18.28403564957837,
            17.828662035270632,
            17.36627809930284,
            16.896062091149783,
            16.417110309108462,
            15.927367000891637,
            15.426291986126587,
            14.911845276353356,
            14.380543755952345,
            13.835055420957463,
            13.267696467108367,
            12.674493573064172,
            12.053518022514229,
            11.39792755323658,
            10.697983734324543,
            9.945254879897124,
            9.11839396283952,
            8.190427943631239,
            7.106541709203805,
            5.7295505365047035,
            3.4202849753202513,
            0.0001,
            0.0001,
            0.0001,
            0.0001
        ]
    ],
    "bIsPerturbative": [
        true,
        true,
        true,
        true,
        true,
        true,
        true,
        true,
        true,
        true,
        true,
        true,
        true,
        true,
        true,
        true,
        true,
        true,
        true,
        true,
        true,
        true,
        true,
        true,
        true,
        true,
        true,
        true,
        true,
        true,
        true,
        true,
        true
    ],
    "failureReason": false
}