{
    "T": [
        100.0,
        102.0,
        104.0,
        106.0,
        108.0,
        110.0,
        112.0,
        114.0,
        116.0,
        118.0,
        120.0,
        122.0,
        124.0,
        126.0,
        128.0,
        130.0,
        132.0,
        134.0,
        136.0,
        138.0,
        140.0,
        142.0,
        144.0,
        146.0,
        148.0,
        150.0,
        152.0,
        154.0,
        156.0,
        158.0,
        160.0,
        162.0,
        164.0
    ],
    "valueVeffReal": [
        -6431162.75498745,
        -6402348.502785432,
        -6374900.203052886,
        -6348796.344346696,
        -6324031.676855962,
        -6300602.711064566,
        -6278498.853782787,
        -6257711.929626975,
        -6238236.001186907,
        -6220067.224018897,
        -6203203.708089574,
        -6187645.454656006,
        -6173394.207564571,
        -6160453.446011711,
        -6148828.329742217,
        -6138525.680989061,
        -6129554.001030572,
        -6121923.540310497,
        -6115646.351589951,
        -6110736.493309645,
        -6107210.246897243,
        -6105086.496124002,
        -6104387.305494228,
        -6105138.835813938,
        -6107372.919580403,
        -6111129.943762275,
        -6116465.009927505,
        -6123464.629445096,
        -6132337.140322279,
        -6143043.244956428,
        -6154052.867292706,
        -6165338.608225978,
        -6176886.318153729
    ],
    "valueVeffImag": [
        null,
        null,
        null,
        null,
        null,
        null,
        null,
        null,
        null,
        null,
        null,
        null,
        null,
        null,
        null,
        null,
        null,
        null,
        null,
        null,
        null,
        null,
        null,
        null,
        null,
        null,
        null,
        null,
        null,
        null,
        null,
        null,
        null
    ],
    "complex": false,
    "minimumLocation": [
        [
            0.00015992171491580455,
            -8.936201035690018e-06,
            -5.784997022540155e-06,
            -8.613318063413776e-06,
            -5.9671261827915975e-06,
            -1.953034067852136e-05,
            -2.999397519005796e-05,
            -3.279893816592744e-05,
            6.127021364121836e-05,
            -7.231144841490539e-05,
            0.0003845467780488343,
            3.069283654503693e-05,
            -1.2419847926656681e-05,
            2.6130481492304546e-05,
            4.5430020634894784e-05,
            6.697313954058537e-05,
            -0.00032242416083824005,
            -3.6337843956007945e-05,
            -3.707942543540411e-05,
            1.5971040109721466e-05,
            -5.338429399966812e-06,
            5.2828743594888344e-05,
            -3.7383099229529315e-05,
            -8.995558280940888e-05,
            -3.1682005156165316e-05,
            0.00018709818054791355,
            0.00012691864806775913,
            6.610224005557043e-06,
            -1.9318037919602293e-05,
            3.174354650775646e-06,
            0.0,
            -3.4486458233296355e-14,
            0.0
        ],
        [
            0.0001,
            0.0001,
            0.0001,
            0.0001,
            0.0001,
            0.0001,
            0.0001,
            0.0001,
            0.0001,
            0.0001,
            0.0001,
            0.0001,
            0.0001,
            0.0001,
            0.0001,
            0.0001,
            0.0001,
            0.0001,
            0.0001,
            0.0001,
            0.0001,
            0.0001,
            0.0001,
            0.00014805707707345964,
            0.00013535830889913113,
            0.0001,
            0.0001,
            0.0001,
            0.0001,
            0.0001,
            0.0001,
            0.0001,
            0.0001
        ],
        [
            21.765686122108693,
            21.336654888800187,
            20.90620272580633,
            20.473684497636352,
            20.03854447835448,
            19.600481023028454,
            19.158635609888726,
            18.711928617519554,
            18.261068471458348,
            17.80301067758372,
            17.338701939124427,
            16.864678296985147,
            16.38362820964778,
            15.890826137763787,
            15.386853575307624,
            14.868949097900463,
            14.334617847302026,
            13.782589915227142,
            13.209800172735676,
            12.61091408941622,
            11.982972576797296,
            11.319299881764046,
            10.60952274533413,
            9.842924554346368,
            9.000059379075426,
            8.048910021566732,
            6.924990897287213,
            5.476303160272796,
            2.49368798718327,
            0.0001,
            0.0001,
            0.0001,
            0.0001
        ]
    ],
    "bIsPerturbative": true,
    "UltraSoftTemp": 154.0,
    "failureReason": null
}