{
    "T": [
        100.0,
        102.0,
        104.0,
        106.0,
        108.0,
        110.0,
        112.0,
        114.0,
        116.0,
        118.0,
        120.0,
        122.0,
        124.0,
        126.0,
        128.0,
        130.0,
        132.0,
        134.0,
        136.0,
        138.0,
        140.0,
        142.0,
        144.0,
        146.0,
        148.0,
        150.0,
        152.0,
        154.0,
        156.0,
        158.0,
        160.0,
        162.0,
        164.0
    ],
    "valueVeffReal": [
        -6434980.862981442,
        -6406076.377805182,
        -6378538.648560393,
        -6352345.718896583,
        -6327491.808041221,
        -6303973.060812805,
        -6281778.472705041,
        -6260899.46200168,
        -6241329.695266362,
        -6223064.925067015,
        -6206102.871020429,
        -6190443.119490608,
        -6176087.025604183,
        -6163037.659737286,
        -6151299.763402266,
        -6140879.730948687,
        -6131785.613230109,
        -6124027.205439341,
        -6117616.046915325,
        -6112565.659912782,
        -6108891.72102043,
        -6106612.425973851,
        -6105749.0132584935,
        -6106326.639269911,
        -6108375.7564587295,
        -6111934.729747293,
        -6117055.185241323,
        -6123815.782515236,
        -6132382.402138441,
        -6142945.769136751,
        -6153932.536219537,
        -6165198.737191468,
        -6176728.964867979
    ],
    "valueVeffImag": [
        0.0,
        0.0,
        0.0,
        0.0,
        0.0,
        0.0,
        0.0,
        0.0,
        0.0,
        0.0,
        0.0,
        0.0,
        0.0,
        0.0,
        0.0,
        0.0,
        0.0,
        0.0,
        0.0,
        0.0,
        0.0,
        0.0,
        0.0,
        0.0,
        0.0,
        0.0,
        0.0,
        0.0,
        0.0,
        0.0,
        0.0,
        0.0,
        0.0
    ],
    "minimumLocation": [
        [
            0.00021707425568703517,
            -9.382143176269722e-06,
            -5.2535469516850865e-06,
            -7.828213199497207e-06,
            -1.1719439172555568e-05,
            -1.773046766478714e-05,
            -2.7181333005452866e-05,
            0.00014574681273606493,
            2.2825442780718963e-05,
            9.940718606219157e-07,
            0.00016259993084757896,
            6.953155399298805e-05,
            -1.2349379828029041e-05,
            2.6047666528522116e-05,
            -2.683760690552555e-05,
            2.7375358960950538e-05,
            -5.3770106684130356e-05,
            -3.796353678662531e-05,
            -3.822049664794363e-05,
            1.0918751443685332e-05,
            1.0238094606460796e-05,
            1.564205785750436e-05,
            1.5027641762265648e-05,
            0.0002519262918996021,
            3.194446635012031e-05,
            -7.386396357871722e-07,
            -2.6354879895135884e-05,
            -3.1454497593431615e-05,
            9.979057040264373e-05,
            3.587812940405305e-09,
            -2.888060596228925e-09,
            0.0,
            1.5145893441270881e-07
        ],
        [
            0.0001,
            0.0001,
            0.0001,
            0.0001,
            0.0001,
            0.0001,
            0.0001,
            0.0001,
            0.0001639850187199895,
            0.0001,
            0.0001,
            0.0001,
            0.0001,
            0.0001,
            0.0001,
            0.0001,
            0.0001,
            0.0001,
            0.0001,
            0.0001,
            0.0001,
            0.0001,
            0.0003143261206919937,
            0.0001,
            0.0001,
            0.0001,
            0.0001,
            0.0001,
            0.0001,
            0.0001,
            0.0001,
            0.0001,
            0.0001
        ],
        [
            21.77628417573693,
            21.349008838308446,
            20.919818398482796,
            20.48866569058048,
            20.055067154994724,
            19.61852785927535,
            19.178407647024454,
            18.73428972390069,
            18.28404393092662,
            17.828668267828174,
            17.366286219968984,
            16.896069310742426,
            16.41711802082443,
            15.927374724226596,
            15.426299504823966,
            14.911852405511732,
            14.380550342970905,
            13.834959005288734,
            13.267704503288785,
            12.674497614328809,
            12.05352099671471,
            11.397929240670488,
            10.697011493921401,
            9.945253817101287,
            9.11839104587502,
            8.190422856507404,
            7.106533464203252,
            5.729532306110493,
            3.420246273664556,
            0.0001,
            0.0001,
            0.0001,
            0.0001
        ]
    ],
    "bIsPerturbative": true,
    "badReason": ""
}