{
    "T": [
        100.0,
        102.0,
        104.0,
        106.0,
        108.0,
        110.0,
        112.0,
        114.0,
        116.0,
        118.0,
        120.0,
        122.0,
        124.0,
        126.0,
        128.0,
        130.0,
        132.0,
        134.0,
        136.0,
        138.0,
        140.0,
        142.0,
        144.0,
        146.0,
        148.0,
        150.0,
        152.0,
        154.0,
        156.0,
        158.0,
        160.0,
        162.0,
        164.0
    ],
    "valueVeffReal": [
        -6434980.972958945,
        -6406076.484941146,
        -6378538.752892655,
        -6352345.82044293,
        -6327491.906780792,
        -6303973.15674684,
        -6281778.5658276165,
        -6260899.552300196,
        -6241329.782719969,
        -6223065.009653445,
        -6206102.952707907,
        -6190443.198236682,
        -6176087.101365946,
        -6163037.732463258,
        -6151299.833034314,
        -6140879.797421823,
        -6131785.676472135,
        -6124027.265370498,
        -6117616.103447491,
        -6112565.712949378,
        -6108891.770459691,
        -6106612.471689057,
        -6105749.035365712,
        -6106326.680217508,
        -6108375.790130779,
        -6111934.759026643,
        -6117055.209852596,
        -6123815.802043228,
        -6132382.415524157,
        -6142945.778743292,
        -6153932.545063583,
        -6165198.745324892,
        -6176728.972316048
    ],
    "valueVeffImag": [
        0.0,
        0.0,
        0.0,
        0.0,
        0.0,
        0.0,
        0.0,
        0.0,
        0.0,
        0.0,
        0.0,
        0.0,
        0.0,
        0.0,
        0.0,
        0.0,
        0.0,
        0.0,
        0.0,
        0.0,
        0.0,
        0.0,
        0.0,
        0.0,
        0.0,
        0.0,
        0.0,
        0.0,
        0.0,
        0.0,
        0.0,
        0.0,
        0.0
    ],
    "minimumLocation": [
        [
            0.00021723248937037878,
            -9.381114357580626e-06,
            -5.253211665285016e-06,
            -7.827737775295844e-06,
            -1.1718751045347846e-05,
            -1.7729445740482494e-05,
            -2.71798447950999e-05,
            0.0001457458144783859,
            2.285200854230951e-05,
            9.944066420247515e-07,
            0.00016247031868910078,
            -6.953144090374175e-05,
            1.23493392846506e-05,
            -2.6047611817994667e-05,
            2.6837937153860632e-05,
            -2.7375290420658714e-05,
            5.3770039864139084e-05,
            3.796381008615659e-05,
            3.822073960115489e-05,
            -1.0922051691316444e-05,
            1.89040494136955e-07,
            -1.5505288812229796e-05,
            -2.926517167701146e-05,
            1.3654785524553053e-05,
            -3.194049532140222e-05,
            -7.386788636095515e-07,
            -2.6354844089176788e-05,
            -3.1590724981432486e-05,
            -9.978954416192849e-05,
            3.5994997668251094e-09,
            2.8882366411714377e-09,
            0.0,
            1.7246516359201898e-14
        ],
        [
            0.0001,
            0.0001,
            0.0001,
            0.0001,
            0.0001,
            0.0001,
            0.0001,
            0.0001,
            0.00016416342756464666,
            0.0001,
            0.0001,
            0.0001,
            0.0001,
            0.0001,
            0.0001,
            0.0001,
            0.0001,
            0.0001,
            0.0001,
            0.0001,
            0.0001,
            0.0001,
            0.0001,
            0.0001,
            0.0001,
            0.0001,
            0.0001,
            0.0001,
            0.0001,
            0.0001,
            0.0001,
            0.0001,
            0.0001
        ],
        [
            21.77628817258338,
            21.349010122070304,
            20.919819684566566,
            20.488666985420664,
            20.055068459964286,
            19.618529176393086,
            19.17840898128764,
            18.734291076015424,
            18.284046137944344,
            17.828669672041297,
            17.366287893619297,
            16.896070714913762,
            16.417119494350736,
            15.927376233873318,
            15.426301054233717,
            14.911854003596236,
            14.3805519942706,
            13.834960721223402,
            13.267706350270164,
            12.67449949896219,
            12.053497567619958,
            11.39792926561456,
            10.69384452018572,
            9.945043884669683,
            9.118393783836822,
            8.190426003069017,
            7.106537263715255,
            5.729538514615546,
            3.420259563000977,
            0.0001,
            0.0001,
            0.0001,
            0.0001
        ]
    ],
    "bIsPerturbative": true,
    "badReason": ""
}