{
    "T": [
        100.0,
        102.0,
        104.0,
        106.0,
        108.0,
        110.0,
        112.0,
        114.0,
        116.0,
        118.0,
        120.0,
        122.0,
        124.0,
        126.0,
        128.0,
        130.0,
        132.0,
        134.0,
        136.0,
        138.0,
        140.0,
        142.0,
        144.0,
        146.0,
        148.0,
        150.0,
        152.0,
        154.0,
        156.0,
        158.0,
        160.0,
        162.0
    ],
    "valueVeffReal": [
        -6431072.235544634,
        -6402232.711370018,
        -6374768.474093056,
        -6348662.771050214,
        -6323901.4949255455,
        -6300473.008466129,
        -6278367.9491118975,
        -6257579.100876712,
        -6238101.255339887,
        -6219931.094564046,
        -6203067.106764705,
        -6187509.501348059,
        -6173260.166834905,
        -6160322.6215651035,
        -6148701.979542915,
        -6138404.972394436,
        -6129439.970248614,
        -6121817.07910721,
        -6115548.159829766,
        -6110647.095957819,
        -6107129.987198691,
        -6105015.538921407,
        -6104325.629197537,
        -6105086.357708016,
        -6107329.354115671,
        -6111094.948685905,
        -6116438.207319885,
        -6123445.731311412,
        -6132327.551414338,
        -6143035.7926554205,
        -6154045.971035575,
        -6165332.153590034
    ],
    "valueVeffImag": [
        null,
        null,
        null,
        null,
        null,
        null,
        null,
        null,
        null,
        null,
        null,
        null,
        null,
        null,
        null,
        null,
        null,
        null,
        null,
        null,
        null,
        null,
        null,
        null,
        null,
        null,
        null,
        null,
        null,
        null,
        null,
        null
    ],
    "complex": false,
    "minimumLocation": [
        [
            -0.000333408515367649,
            9.03562830143937e-06,
            5.8836463787158625e-06,
            8.677040554102623e-06,
            1.2957762357872595e-05,
            1.9701862807579296e-05,
            3.0206695916403837e-05,
            -0.0001491640146347754,
            5.9371914825230175e-05,
            -7.211392425569195e-05,
            1.9734518723231453e-06,
            -7.746154128216321e-05,
            1.2450421343008068e-05,
            -2.613893296452886e-05,
            4.849539793320458e-05,
            -2.7463613147787132e-05,
            5.412656711777802e-05,
            3.658653502779796e-05,
            3.7057006719922315e-05,
            -1.6142463391345338e-05,
            5.343106062238679e-06,
            0.00015284497549649875,
            3.0100288099626038e-05,
            -0.0001684222223596087,
            -2.4748986423059338e-05,
            -7.497960368535927e-05,
            -0.00013819091832098631,
            0.00026767881849878864,
            0.0005652635479935497,
            3.8248683300462494e-11,
            8.448036134880987e-08,
            0.0
        ],
        [
            0.0001,
            0.0001,
            0.0001,
            0.0001,
            0.0001,
            0.0001,
            0.0001,
            0.0001,
            0.0001,
            0.0001,
            0.00010589632634684392,
            0.0001,
            0.0001,
            0.0001,
            0.0001,
            0.0001,
            0.0001,
            0.0001,
            0.0001,
            0.0001,
            0.0001,
            0.0001,
            0.0001,
            0.0001,
            0.0001,
            0.0001,
            0.0001,
            0.0001,
            0.0001,
            0.0001,
            0.0001,
            0.0001
        ],
        [
            21.763819486719175,
            21.335023360412002,
            20.904258821223863,
            20.47162661444218,
            20.036517942423515,
            19.59829785084677,
            19.15632302777677,
            18.710181599241864,
            18.25845952567734,
            17.800202298852742,
            17.335204401210195,
            16.862333648829306,
            16.380275627976026,
            15.887315356241434,
            15.383193291208823,
            14.864450097148776,
            14.328803486708333,
            13.778589412437027,
            13.205690419947985,
            12.60673014418219,
            11.978705460495283,
            11.313505379081139,
            10.600218709646324,
            9.839395447569082,
            8.994158764357241,
            8.044839269832325,
            6.922768498032085,
            5.462238024453309,
            0.0001,
            0.0001,
            0.0001,
            0.0001
        ]
    ],
    "bIsPerturbative": true,
    "UltraSoftTemp": 154.0,
    "failureReason": null
}