{
    "T": [
        100.0,
        102.0,
        104.0,
        106.0,
        108.0,
        110.0,
        112.0,
        114.0,
        116.0,
        118.0,
        120.0,
        122.0,
        124.0,
        126.0,
        128.0,
        130.0,
        132.0,
        134.0,
        136.0,
        138.0,
        140.0,
        142.0,
        144.0,
        146.0,
        148.0,
        150.0,
        152.0,
        154.0,
        156.0,
        158.0,
        160.0,
        162.0,
        164.0
    ],
    "valueVeffReal": [
        -6431159.142935966,
        -6402345.679635671,
        -6374898.905275444,
        -6348797.300940538,
        -6324032.099122761,
        -6300602.641051506,
        -6278498.410887569,
        -6257711.216321277,
        -6238235.104288881,
        -6220066.216501911,
        -6203202.650153738,
        -6187644.396936709,
        -6173393.184829582,
        -6160452.489514207,
        -6148827.460785707,
        -6138524.913747034,
        -6129553.338437609,
        -6121922.995502081,
        -6115645.917641639,
        -6110736.164780459,
        -6107210.015315059,
        -6105086.350628287,
        -6104387.2334157685,
        -6105138.823194549,
        -6107372.951644887,
        -6111130.005207083,
        -6116465.08525703,
        -6123464.702489203,
        -6132337.194071788,
        -6143043.283687027,
        -6154052.90447034,
        -6165338.643273024,
        -6176886.350566076
    ],
    "valueVeffImag": [
        null,
        null,
        null,
        null,
        null,
        null,
        null,
        null,
        null,
        null,
        null,
        null,
        null,
        null,
        null,
        null,
        null,
        null,
        null,
        null,
        null,
        null,
        null,
        null,
        null,
        null,
        null,
        null,
        null,
        null,
        null,
        null,
        null
    ],
    "complex": false,
    "minimumLocation": [
        [
            0.00015514078768476605,
            -8.931743612104428e-06,
            -5.779947510533561e-06,
            -8.599966654227777e-06,
            -5.9658832477565375e-06,
            -1.954017564519646e-05,
            -3.000472763132247e-05,
            -2.5849329954993113e-05,
            6.121323223400038e-05,
            -7.230912035372666e-05,
            0.00038455003034317025,
            1.236553289589437e-07,
            -1.2444950194321464e-05,
            2.6130415838780045e-05,
            4.545318331714357e-05,
            -2.7460431684913494e-05,
            5.411189216930482e-05,
            3.663390368255256e-05,
            3.707931670558144e-05,
            -1.5970651092400234e-05,
            5.338495394313928e-06,
            -5.266305957686915e-05,
            3.7382953572345085e-05,
            8.999353688538946e-05,
            3.1681395609363394e-05,
            -0.00018888074706750052,
            -0.00012691324856393786,
            -6.6117775293398034e-06,
            -4.5761578138057025e-05,
            3.168762147592874e-06,
            0.0,
            0.0,
            1.7264197726715985e-14
        ],
        [
            0.0001,
            0.0001,
            0.0001,
            0.0001,
            0.0001,
            0.0001,
            0.0001,
            0.0001,
            0.0001,
            0.0001,
            0.0001,
            0.0001,
            0.0001,
            0.0001,
            0.0001,
            0.0001,
            0.0001,
            0.0001,
            0.0001,
            0.0001,
            0.0001,
            0.0001,
            0.0001,
            0.0001484857109824893,
            0.00013535760162463258,
            0.0001,
            0.0001,
            0.0001,
            0.0001,
            0.0001,
            0.0001,
            0.0001,
            0.0001
        ],
        [
            21.765678970753868,
            21.336612317791104,
            20.906181889360326,
            20.473699025971925,
            20.038550809163535,
            19.60047909829438,
            19.158626772301584,
            18.711939917004038,
            18.261050491035462,
            17.80298844852991,
            17.338677073544922,
            16.865564963418265,
            16.383600596655366,
            15.890798622075925,
            15.386826479610901,
            14.868210528682907,
            14.332686306226869,
            13.782573008509877,
            13.209779782174694,
            12.61089639508657,
            11.982957856608682,
            11.319288425263142,
            10.60951488992455,
            9.842920159711161,
            9.000060039491428,
            8.048932104059476,
            6.925003547673972,
            5.476328945594186,
            2.4772239332541033,
            0.0001,
            0.0001,
            0.0001,
            0.0001
        ]
    ],
    "bIsPerturbative": true,
    "UltraSoftTemp": 154.0,
    "failureReason": null
}