{
    "T": [
        100.0,
        102.0,
        104.0,
        106.0,
        108.0,
        110.0,
        112.0,
        114.0,
        116.0,
        118.0,
        120.0,
        122.0,
        124.0,
        126.0,
        128.0,
        130.0,
        132.0,
        134.0,
        136.0,
        138.0,
        140.0,
        142.0,
        144.0,
        146.0,
        148.0,
        150.0,
        152.0,
        154.0,
        156.0,
        158.0,
        160.0,
        162.0,
        164.0
    ],
    "vevDepthReal": [
        -6434980.972958945,
        -6406076.484941144,
        -6378538.752892653,
        -6352345.820442925,
        -6327491.9067807915,
        -6303973.156746889,
        -6281778.565827615,
        -6260899.552300285,
        -6241329.782719969,
        -6223065.009653445,
        -6206102.952707907,
        -6190443.198236682,
        -6176087.101365943,
        -6163037.7324632555,
        -6151299.833034323,
        -6140879.79742183,
        -6131785.676472119,
        -6124027.2653704705,
        -6117616.103447411,
        -6112565.712949379,
        -6108891.770459691,
        -6106612.471689434,
        -6105749.035365817,
        -6106326.680220992,
        -6108375.790130779,
        -6111934.759026643,
        -6117055.209852563,
        -6123815.802043228,
        -6132382.415524157,
        -6142945.778743292,
        -6153932.545063583,
        -6165198.745324891,
        -6176728.972316047
    ],
    "vevDepthImag": [
        0.0,
        0.0,
        0.0,
        0.0,
        0.0,
        0.0,
        0.0,
        0.0,
        0.0,
        0.0,
        0.0,
        0.0,
        0.0,
        0.0,
        0.0,
        0.0,
        0.0,
        0.0,
        0.0,
        0.0,
        0.0,
        0.0,
        0.0,
        0.0,
        0.0,
        0.0,
        0.0,
        0.0,
        0.0,
        0.0,
        0.0,
        0.0,
        0.0
    ],
    "vevLocation": [
        [
            0.00021723248937037878,
            -9.380199603539096e-06,
            -5.253336336560896e-06,
            -7.82825199997611e-06,
            -1.171743249495086e-05,
            -1.7719143820049048e-05,
            -2.7180609992093235e-05,
            0.00014574445776704823,
            2.285200854230951e-05,
            9.944066420247515e-07,
            0.00016247031868910078,
            -6.953144090374175e-05,
            1.2349353882493716e-05,
            -2.6047571968592785e-05,
            2.6837831572707762e-05,
            -2.737537272147646e-05,
            5.3770190983502743e-05,
            3.796358886705176e-05,
            3.82211429347585e-05,
            -1.091984444485418e-05,
            1.89040494136955e-07,
            1.5487166253753124e-05,
            2.9265190468095816e-05,
            -1.275294284936064e-05,
            -3.194049532140222e-05,
            -7.386788636095515e-07,
            2.6355251866011074e-05,
            -3.1590724981432486e-05,
            -9.978954416192849e-05,
            3.5994997668251094e-09,
            2.8882366411714377e-09,
            2.8882366411714377e-09,
            2.8882366411714377e-09
        ],
        [
            0.0001,
            0.0001,
            0.0001,
            0.0001,
            0.0001,
            0.0001,
            0.0001,
            0.0001,
            0.00016416342756464666,
            0.0001,
            0.0001,
            0.0001,
            0.0001,
            0.0001,
            0.0001,
            0.0001,
            0.0001,
            0.0001,
            0.0001,
            0.0001,
            0.0001,
            0.0001,
            0.0001,
            0.0001,
            0.0001,
            0.0001,
            0.0001,
            0.0001,
            0.0001,
            0.0001,
            0.0001,
            0.0001,
            0.0001
        ],
        [
            21.77628817258338,
            21.349010136243546,
            20.919819686430255,
            20.48866699937606,
            20.0550684647516,
            19.61852912087883,
            19.17840898465187,
            18.734291056618893,
            18.284046137944344,
            17.828669672041297,
            17.366287893619297,
            16.896070714913762,
            16.41711949433555,
            15.92737623229337,
            15.426301057944016,
            14.911854006256705,
            14.380551992688437,
            13.834960652002072,
            13.267706378173274,
            12.674499495899614,
            12.053497567619958,
            11.397928990647767,
            10.69384452931839,
            9.94504151718073,
            9.118393783836822,
            8.190426003069017,
            7.106537318330432,
            5.729538514615546,
            3.420259563000977,
            0.0001,
            0.0001,
            0.0001,
            0.0001
        ]
    ],
    "bIsPerturbative": [
        true,
        true,
        true,
        true,
        true,
        true,
        true,
        true,
        true,
        true,
        true,
        true,
        true,
        true,
        true,
        true,
        true,
        true,
        true,
        true,
        true,
        true,
        true,
        true,
        true,
        true,
        true,
        true,
        true,
        true,
        true,
        true,
        true
    ],
    "bIsBounded": []
}