{
    "T": [
        100.0,
        102.0,
        104.0,
        106.0,
        108.0,
        110.0,
        112.0,
        114.0,
        116.0,
        118.0,
        120.0,
        122.0,
        124.0,
        126.0,
        128.0,
        130.0,
        132.0,
        134.0,
        136.0,
        138.0,
        140.0,
        142.0,
        144.0,
        146.0,
        148.0,
        150.0,
        152.0,
        154.0,
        156.0,
        158.0,
        160.0,
        162.0,
        164.0
    ],
    "vevDepthReal": [
        -6434980.972958944,
        -6406076.48494114,
        -6378538.752892656,
        -6352345.820442924,
        -6327491.906780791,
        -6303973.156746888,
        -6281778.565827617,
        -6260899.552300284,
        -6241329.782719968,
        -6223065.009653444,
        -6206102.952707907,
        -6190443.198236681,
        -6176087.101365946,
        -6163037.732463256,
        -6151299.833034322,
        -6140879.797421832,
        -6131785.676472118,
        -6124027.2653704705,
        -6117616.103447408,
        -6112565.71294938,
        -6108891.77045969,
        -6106612.471689434,
        -6105749.035365816,
        -6106326.680220992,
        -6108375.790130777,
        -6111934.759026646,
        -6117055.209852563,
        -6123815.8020432405,
        -6132382.415524154,
        -6142945.778743292,
        -6153932.545063582,
        -6165198.745324891,
        -6176728.972316048
    ],
    "vevDepthImag": [
        0.0,
        0.0,
        0.0,
        0.0,
        0.0,
        0.0,
        0.0,
        0.0,
        0.0,
        0.0,
        0.0,
        0.0,
        0.0,
        0.0,
        0.0,
        0.0,
        0.0,
        0.0,
        0.0,
        0.0,
        0.0,
        0.0,
        0.0,
        0.0,
        0.0,
        0.0,
        0.0,
        0.0,
        0.0,
        0.0,
        0.0,
        0.0,
        0.0
    ],
    "vevLocation": [
        [
            0.00021723249149939103,
            -9.380198720138104e-06,
            -5.253336503357011e-06,
            -7.828251900746986e-06,
            -1.1717432709972925e-05,
            -1.7719144085694437e-05,
            -2.718060987793943e-05,
            0.00014574445797326926,
            -2.2852011091679947e-05,
            -9.944097565306649e-07,
            0.00016247034337202315,
            -6.953144183910465e-05,
            1.2349354171516428e-05,
            -2.6047571659508647e-05,
            2.6837830786221543e-05,
            -2.7375373450142502e-05,
            5.3770192300277666e-05,
            3.7963588172466476e-05,
            3.8221142973878246e-05,
            -1.0919844176990377e-05,
            -1.8903901243330634e-07,
            -1.5487164548207887e-05,
            -2.9265190603194942e-05,
            1.2752938228061637e-05,
            3.194049553170925e-05,
            7.386788561866697e-07,
            -2.635525289459276e-05,
            -3.159183267085786e-05,
            -9.978956093489562e-05,
            3.604118265117251e-09,
            -2.8881520248297265e-09,
            -2.8881520248297265e-09,
            -2.8881520248297265e-09
        ],
        [
            0.0001,
            0.0001,
            0.0001,
            0.0001,
            0.0001,
            0.0001,
            0.0001,
            0.0001,
            0.00016416342420232896,
            0.0001,
            0.0001,
            0.0001,
            0.0001,
            0.0001,
            0.0001,
            0.0001,
            0.0001,
            0.0001,
            0.0001,
            0.0001,
            0.0001,
            0.0001,
            0.0001,
            0.0001,
            0.0001,
            0.0001,
            0.0001,
            0.0001,
            0.0001,
            0.0001,
            0.0001,
            0.0001,
            0.0001
        ],
        [
            21.776288172565195,
            21.34901013624472,
            20.919819686404118,
            20.488666999360728,
            20.055068464737897,
            19.618529120909237,
            19.178408984645834,
            18.734291056599215,
            18.28404613791403,
            17.828669671592408,
            17.36628789365905,
            16.896070714861047,
            16.41711949437067,
            15.92737623230176,
            15.42630105794455,
            14.911854006266234,
            14.3805519926512,
            13.834960652034923,
            13.267706378179026,
            12.674499495829943,
            12.053497567612633,
            11.39792899078093,
            10.693844529360517,
            9.945041516973399,
            9.118393783922883,
            8.19042600309897,
            7.106537318179282,
            5.7295385229138995,
            3.4202595645956104,
            0.0001,
            0.0001,
            0.0001,
            0.0001
        ]
    ],
    "bIsPerturbative": [
        true,
        true,
        true,
        true,
        true,
        true,
        true,
        true,
        true,
        true,
        true,
        true,
        true,
        true,
        true,
        true,
        true,
        true,
        true,
        true,
        true,
        true,
        true,
        true,
        true,
        true,
        true,
        true,
        true,
        true,
        true,
        true,
        true
    ],
    "bIsBounded": []
}