{
    "T": [
        100.0,
        102.0,
        104.0,
        106.0,
        108.0,
        110.0,
        112.0,
        114.0,
        116.0,
        118.0,
        120.0,
        122.0,
        124.0,
        126.0,
        128.0,
        130.0,
        132.0,
        134.0,
        136.0,
        138.0,
        140.0,
        142.0,
        144.0,
        146.0,
        148.0,
        150.0,
        152.0,
        154.0,
        156.0,
        158.0,
        160.0,
        162.0
    ],
    "valueVeffReal": [
        -6431072.235544633,
        -6402232.711370022,
        -6374768.474093056,
        -6348662.771050216,
        -6323901.4949255455,
        -6300473.008466131,
        -6278367.949111897,
        -6257579.100876714,
        -6238101.255339885,
        -6219931.094564051,
        -6203067.106764703,
        -6187509.501347862,
        -6173260.166834904,
        -6160322.6215651035,
        -6148701.979542916,
        -6138404.972394436,
        -6129439.970248619,
        -6121817.079107209,
        -6115548.159829765,
        -6110647.09595782,
        -6107129.987198693,
        -6105015.538921405,
        -6104325.62919754,
        -6105086.357708017,
        -6107329.354115672,
        -6111094.948685905,
        -6116438.207319873,
        -6123445.731311393,
        -6132327.551414337,
        -6143035.7926554205,
        -6154045.971035575,
        -6165332.153590034
    ],
    "valueVeffImag": [
        null,
        null,
        null,
        null,
        null,
        null,
        null,
        null,
        null,
        null,
        null,
        null,
        null,
        null,
        null,
        null,
        null,
        null,
        null,
        null,
        null,
        null,
        null,
        null,
        null,
        null,
        null,
        null,
        null,
        null,
        null,
        null
    ],
    "complex": false,
    "minimumLocation": [
        [
            0.00033340854009253774,
            -9.035627476315953e-06,
            -5.883646835858785e-06,
            -8.677039716817819e-06,
            -1.2957762997847864e-05,
            -1.970186312439786e-05,
            -3.0206696438147944e-05,
            0.00014916401438957576,
            -5.9371914824532925e-05,
            7.211392463100019e-05,
            1.973450272132679e-06,
            7.748686213433081e-05,
            -1.2450422354982698e-05,
            2.613893369211135e-05,
            4.849539660271938e-05,
            -2.746361382436756e-05,
            5.412656676717512e-05,
            3.658653556877468e-05,
            3.7057005326414936e-05,
            -1.614246420608359e-05,
            5.343105793640412e-06,
            0.00015284497388960358,
            3.010028793486806e-05,
            -0.00016842222238076972,
            2.474898622336491e-05,
            7.497960934091315e-05,
            -0.00013819119409188532,
            0.00026767948847421274,
            -0.0005652635482390478,
            3.844002676930969e-11,
            -8.444286885185559e-08,
            0.0
        ],
        [
            0.0001,
            0.0001,
            0.0001,
            0.0001,
            0.0001,
            0.0001,
            0.0001,
            0.0001,
            0.0001,
            0.0001,
            0.00010589630892017352,
            0.0001,
            0.0001,
            0.0001,
            0.0001,
            0.0001,
            0.0001,
            0.0001,
            0.0001,
            0.0001,
            0.0001,
            0.0001,
            0.0001,
            0.0001,
            0.0001,
            0.0001,
            0.0001,
            0.0001,
            0.0001,
            0.0001,
            0.0001,
            0.0001
        ],
        [
            21.763819486710265,
            21.33502336043268,
            20.904258821213332,
            20.471626614421247,
            20.036517942420417,
            19.598297850854973,
            19.156323027797086,
            18.710181599264082,
            18.258459525662253,
            17.800202298816906,
            17.33520440110499,
            16.862333723637178,
            16.380275627975188,
            15.887315356234234,
            15.383193291204716,
            14.864450097168334,
            14.328803486683466,
            13.77858941244923,
            13.20569041994933,
            12.606730144268427,
            11.978705460542018,
            11.313505379253789,
            10.600218709651976,
            9.839395447508798,
            8.994158764436028,
            8.044839269892561,
            6.922768501355595,
            5.462238022899671,
            0.0001,
            0.0001,
            0.0001,
            0.0001
        ]
    ],
    "bIsPerturbative": true,
    "UltraSoftTemp": 154.0,
    "failureReason": null
}