{
    "T": [
        100.0,
        102.0,
        104.0,
        106.0,
        108.0,
        110.0,
        112.0,
        114.0,
        116.0,
        118.0,
        120.0,
        122.0,
        124.0,
        126.0,
        128.0,
        130.0,
        132.0,
        134.0,
        136.0,
        138.0,
        140.0,
        142.0,
        144.0,
        146.0,
        148.0,
        150.0,
        152.0,
        154.0,
        156.0,
        158.0
    ],
    "valueVeffReal": [
        -611162.7294366539,
        -576681.5350081912,
        -543614.7121141596,
        -511954.0686622283,
        -481694.0630484013,
        -452831.6070923468,
        -425365.90160045226,
        -399298.2984553893,
        -374632.1917446935,
        -351372.93672965036,
        -329527.7958523615,
        -309105.90145952033,
        -290118.2684637546,
        -272577.8234399113,
        -256499.47859622372,
        -241900.25701836686,
        -228799.4770013937,
        -217219.02780845016,
        -207183.77400138226,
        -198722.1584338051,
        -191867.1229245779,
        -186657.61422910268,
        -183141.2156888779,
        -181379.33875808876,
        -181459.71110224535,
        -183541.73157231128,
        -187886.17673048537,
        -192781.696890811,
        -197879.83153659466,
        -203176.82685997672
    ],
    "valueVeffImag": [
        null,
        null,
        null,
        null,
        null,
        null,
        null,
        null,
        null,
        null,
        null,
        null,
        null,
        null,
        null,
        null,
        null,
        null,
        null,
        null,
        null,
        null,
        null,
        null,
        null,
        null,
        null,
        null,
        null,
        null
    ],
    "complex": false,
    "minimumLocation": [
        [
            -0.0001687532097314915,
            -3.3753045058188815e-05,
            -8.96013402193474e-06,
            0.00019805758248987726,
            1.081157863069837e-05,
            -0.0001261804472354605,
            4.3671327595062225e-05,
            -2.2163378586492408e-05,
            0.0004566448723374861,
            6.377908900049266e-05,
            4.991933291016715e-05,
            4.314350118286847e-06,
            2.4956527620604782e-05,
            1.2877493227314574e-06,
            0.0004014331818136263,
            -0.00011596249519199575,
            0.00022206844510219703,
            1.4719893004645768e-05,
            -0.00027140395344084876,
            3.493211417856471e-05,
            -7.784802434773752e-05,
            -0.00022959629406772708,
            9.050046256488947e-05,
            0.000756426424255472,
            0.00046553467496526085,
            -6.627086032870953e-05,
            0.0007519431844883531,
            1.058743531062885e-05,
            1.416501136935878e-06,
            0.0
        ],
        [
            0.000664262298758201,
            0.0001,
            0.0001,
            0.0001,
            0.0001,
            0.0001,
            0.0001,
            0.0001,
            0.0001,
            0.000700052613845569,
            0.00027512248159144645,
            0.0001,
            0.0001,
            0.0001,
            0.0001,
            0.0001,
            0.0001,
            0.0001,
            0.0001,
            0.0001,
            0.0001,
            0.0001,
            0.0001,
            0.0001,
            0.0001,
            0.0001,
            0.0001,
            0.0001,
            0.0001,
            0.0001
        ],
        [
            21.548933124913425,
            21.092933699149068,
            20.634069945682743,
            20.171523384433907,
            19.7045281216509,
            19.232001792287942,
            18.753361460926634,
            18.26759665859958,
            17.773522960074,
            17.270042936044465,
            16.755400572318457,
            16.228516623065584,
            15.687518684079757,
            15.130306685534835,
            14.554140061647804,
            13.956820550443767,
            13.332530211361709,
            12.67851064164077,
            11.987103099666113,
            11.25097570019948,
            10.457018727165952,
            9.587853663949147,
            8.613514861023472,
            7.482504181595143,
            6.070498391929725,
            3.9100560483602442,
            0.0001,
            0.0001,
            0.0001,
            0.0001
        ]
    ],
    "bIsPerturbative": true,
    "UltraSoftTemp": 138.0,
    "failureReason": null
}