{
    "T": [
        100.0,
        102.0,
        104.0,
        106.0,
        108.0,
        110.0,
        112.0,
        114.0,
        116.0,
        118.0,
        120.0,
        122.0,
        124.0,
        126.0,
        128.0,
        130.0,
        132.0,
        134.0,
        136.0,
        138.0,
        140.0,
        142.0,
        144.0,
        146.0,
        148.0,
        150.0,
        152.0,
        154.0,
        156.0,
        158.0
    ],
    "valueVeffReal": [
        -610256.2789571884,
        -575852.0854679069,
        -542863.5090730734,
        -511280.79202091333,
        -481097.0041074952,
        -452307.86058169033,
        -424911.54471870884,
        -398908.59905402624,
        -374301.79136646615,
        -351096.0656458633,
        -329298.42044862045,
        -308917.9327694186,
        -289965.70651255257,
        -272454.92286945385,
        -256400.85994698462,
        -241821.02798579994,
        -228735.33358206,
        -217166.32186585234,
        -207139.56877565855,
        -198684.26252546083,
        -191834.1002456523,
        -186628.77899295045,
        -183116.60304058497,
        -181359.68945400955,
        -181446.47309844117,
        -183537.47941833595,
        -187889.6595658559,
        -192786.26834954697,
        -197885.56246947034,
        -203183.73558126835
    ],
    "valueVeffImag": [
        null,
        null,
        null,
        null,
        null,
        null,
        null,
        null,
        null,
        null,
        null,
        null,
        null,
        null,
        null,
        null,
        null,
        null,
        null,
        null,
        null,
        null,
        null,
        null,
        null,
        null,
        null,
        null,
        null,
        null
    ],
    "complex": false,
    "minimumLocation": [
        [
            -0.00017049562316328454,
            5.052647966535817e-05,
            6.488210754653986e-06,
            6.14155767470273e-06,
            -0.00023101699388841657,
            -0.00022686249440741907,
            -0.0003659374984484628,
            0.0003475105202572228,
            -0.00035154373820709545,
            -4.683756768507352e-06,
            0.0006888950257439973,
            1.9861799943829417e-06,
            -0.0005065976495690176,
            -0.00013263099094509845,
            -1.7403752240966602e-06,
            -0.0003641739385834815,
            0.00020809920055255265,
            -0.00023503014872512662,
            -0.0003853401756126959,
            -2.070639228149429e-05,
            0.0005199133435118443,
            -6.3140110137527294e-06,
            0.0004677882245323964,
            0.0003548197317716738,
            1.4447268140644134e-06,
            -5.7933387858699614e-05,
            1.4819179486981818e-06,
            1.427943058925689e-06,
            0.0,
            0.0
        ],
        [
            0.0001,
            0.0001,
            0.0001,
            0.0001,
            0.0001,
            0.0001,
            0.0001,
            0.0001,
            0.001344968122824801,
            0.0001,
            0.00034154290827136347,
            0.0001,
            0.0001,
            0.0001,
            0.0001,
            0.0001,
            0.0001,
            0.0001,
            0.0001,
            0.0001,
            0.0002463665261931463,
            0.0001,
            0.0001,
            0.0001,
            0.0001,
            0.0001,
            0.0001,
            0.0001,
            0.0001,
            0.0001
        ],
        [
            21.535132225846166,
            21.080597209132154,
            20.621778993106997,
            20.15994982245809,
            19.69369470158003,
            19.2219185354511,
            18.743801625079406,
            18.259317747267772,
            17.765543152426265,
            17.26292264455162,
            16.74878387333059,
            16.223151928727557,
            15.683299875372613,
            15.12576934595041,
            14.550555466007374,
            13.953216705876079,
            13.329397215557748,
            12.675923982048412,
            11.98473495445988,
            11.248162412316658,
            10.453955007266028,
            9.584117497801639,
            8.609160136602222,
            7.475164094351308,
            6.06119480647108,
            3.8938487306983016,
            0.0001,
            0.0001,
            0.0001,
            0.0001
        ]
    ],
    "bIsPerturbative": true,
    "UltraSoftTemp": 138.0,
    "failureReason": null
}