{
    "T": [
        100.0,
        102.0,
        104.0,
        106.0,
        108.0,
        110.0,
        112.0,
        114.0,
        116.0,
        118.0,
        120.0,
        122.0,
        124.0,
        126.0,
        128.0,
        130.0,
        132.0,
        134.0,
        136.0,
        138.0,
        140.0,
        142.0,
        144.0,
        146.0,
        148.0,
        150.0,
        152.0,
        154.0,
        156.0,
        158.0
    ],
    "valueVeffReal": [
        -611153.2099906032,
        -576671.7371142637,
        -543604.7964691413,
        -511944.2206176929,
        -481684.4340016365,
        -452822.3222796281,
        -425357.10088245757,
        -399290.0785118714,
        -374624.6382847164,
        -351366.115685875,
        -329521.7503064471,
        -309100.65537543944,
        -290113.8251074454,
        -272574.1640299718,
        -256496.57225637752,
        -241898.04785363542,
        -228797.90232027613,
        -217218.00527076845,
        -207183.1910651012,
        -198721.9648306011,
        -191867.19544812513,
        -186657.8530516746,
        -183141.52463352942,
        -181379.6161408439,
        -181459.90975626186,
        -183541.76654791294,
        -187886.0807853328,
        -192781.5922787584,
        -197879.72948116215,
        -203176.74113830674
    ],
    "valueVeffImag": [
        null,
        null,
        null,
        null,
        null,
        null,
        null,
        null,
        null,
        null,
        null,
        null,
        null,
        null,
        null,
        null,
        null,
        null,
        null,
        null,
        null,
        null,
        null,
        null,
        null,
        null,
        null,
        null,
        null,
        null
    ],
    "complex": false,
    "minimumLocation": [
        [
            2.5735023348766317e-05,
            -8.541846553467014e-06,
            0.0009321031490008846,
            -0.0004682687235913474,
            1.016857332072213e-05,
            0.0011011646959896305,
            -6.211678505729866e-05,
            -0.00018583478733100178,
            -0.00036338703866346626,
            -5.4050307757396755e-05,
            -1.0281808785439668e-05,
            -8.228272357794358e-05,
            -0.00016503525801358273,
            -0.00012326509176062862,
            -0.00023617680677235492,
            -0.000290917890523545,
            6.24937518273359e-05,
            8.32085212169396e-05,
            0.0010001718573454778,
            -5.7805003239205094e-05,
            -8.788912759148454e-05,
            -7.144818496455669e-05,
            -2.3777162953163983e-05,
            -0.0021733980052661625,
            -7.8983942243462e-06,
            0.00013115134543540026,
            -0.00012723284456376367,
            2.5358127223221172e-05,
            3e-05,
            3e-05
        ],
        [
            0.0001,
            0.0001,
            0.0012337050041535441,
            0.0012641963403497412,
            0.0001,
            0.0001,
            0.0001,
            0.0001,
            0.0001,
            0.0001,
            0.0001,
            0.0001,
            0.0001,
            0.0001,
            0.0001,
            0.000845265148008456,
            0.0001,
            0.0001,
            0.001990531954819212,
            0.0001,
            0.0001,
            0.0001,
            0.0001,
            0.0001,
            0.0001,
            0.0001,
            0.00048334388237862254,
            0.0001,
            0.0001,
            0.0001
        ],
        [
            21.54852426932426,
            21.092814541248035,
            20.63528975850642,
            20.171861626600467,
            19.704318334798096,
            19.233059161342716,
            18.753370288608405,
            18.2674110161336,
            17.77289542144498,
            17.27012531185989,
            16.7552956740869,
            16.228246367539807,
            15.687271804312843,
            15.129206926417172,
            14.553564586302207,
            13.955831860608626,
            13.332568162523753,
            12.678460580142758,
            11.98523955911017,
            11.251057591162178,
            10.45704148619411,
            9.587958709946363,
            8.61357978305816,
            7.481810349120542,
            6.068677527688731,
            3.9104255999484687,
            0.0001,
            0.0001,
            0.0001,
            0.0001
        ]
    ],
    "bIsPerturbative": true,
    "UltraSoftTemp": 138.0,
    "failureReason": null
}