{
    "T": [
        100.0,
        102.0,
        104.0,
        106.0,
        108.0,
        110.0,
        112.0,
        114.0,
        116.0,
        118.0,
        120.0,
        122.0,
        124.0,
        126.0,
        128.0,
        130.0,
        132.0,
        134.0,
        136.0,
        138.0,
        140.0,
        142.0,
        144.0,
        146.0,
        148.0,
        150.0,
        152.0,
        154.0,
        156.0,
        158.0
    ],
    "valueVeffReal": [
        -614948.8780996003,
        -580372.0837609906,
        -547209.7005005796,
        -515453.01638595556,
        -485095.97022476024,
        -456134.9398359097,
        -428568.70930769446,
        -402398.0426224356,
        -377625.86051233805,
        -354257.01825132733,
        -332298.26184317056,
        -311758.209692707,
        -292647.3389633177,
        -274978.036879688,
        -258764.6247780254,
        -244023.5243017886,
        -230773.39019034777,
        -219035.39350822545,
        -208833.5905239798,
        -200195.48301283855,
        -193152.8775787732,
        -187743.27416624388,
        -184012.21781001607,
        -182017.97882149593,
        -181842.06500575843,
        -183624.4503389094,
        -187712.20407159903,
        -192591.26761277788,
        -197673.95516402906,
        -202956.287510099
    ],
    "valueVeffImag": [
        0.0,
        0.0,
        0.0,
        0.0,
        0.0,
        0.0,
        0.0,
        0.0,
        0.0,
        0.0,
        0.0,
        0.0,
        0.0,
        0.0,
        0.0,
        0.0,
        0.0,
        0.0,
        0.0,
        0.0,
        0.0,
        0.0,
        0.0,
        0.0,
        0.0,
        0.0,
        0.0,
        0.0,
        0.0,
        0.0
    ],
    "minimumLocation": [
        [
            -3.9902676393015896e-05,
            -0.00020455025794396953,
            0.0005636795714998137,
            3.65761079959559e-05,
            0.0002913152933801434,
            -0.0013100166236641453,
            -0.00020895448632974462,
            2.7527264897936332e-05,
            -0.0003771539063412224,
            5.987802890010385e-07,
            1.75181114588311e-05,
            0.0001899560582507634,
            0.0005984776884959834,
            -4.659070418886228e-07,
            -0.0005560467265105216,
            0.00019866880909220647,
            0.0002183326171799737,
            -0.00032158427047691276,
            -0.00010994821399777643,
            -2.9171710684452404e-05,
            0.0005109339393550016,
            -6.311571062219811e-05,
            0.00015159656639277257,
            0.00026768863664567214,
            -0.0007100298090836638,
            0.0001055242198963689,
            7.018814964787623e-07,
            1.4227327150540502e-06,
            0.0,
            1.403384699630414e-06
        ],
        [
            0.0005100587002974856,
            0.0001,
            0.0001,
            0.00042198627696360874,
            0.00046659417372810154,
            0.002899858992236219,
            0.00027955439363157997,
            0.0001,
            0.0001,
            0.0001,
            0.0001,
            0.0001,
            0.0001,
            0.0001,
            0.0001,
            0.0001,
            0.0001,
            0.0001,
            0.0001,
            0.0001,
            0.0001,
            0.0001,
            0.0011302316197133076,
            0.0001,
            0.0001,
            0.0001,
            0.0001,
            0.0001,
            0.0001,
            0.0001
        ],
        [
            21.56123855363164,
            21.10675841733477,
            20.650296053044023,
            20.188899466097492,
            19.72362376447609,
            19.253433847639226,
            18.77662512079694,
            18.292814784600463,
            17.8006860570819,
            17.30030429285335,
            16.788691840141965,
            16.265348808584697,
            15.726947500820458,
            15.174813900696122,
            14.602599219245,
            14.010604390306048,
            13.392741432777058,
            12.745598847497485,
            12.062442201567542,
            11.335464025263803,
            10.554935241624248,
            9.70010893836554,
            8.744694716884855,
            7.6488457055897445,
            6.297542141192276,
            4.345063702211487,
            0.0001,
            0.0001,
            0.0001,
            0.0001
        ]
    ],
    "bIsPerturbative": true,
    "badReason": ""
}