{
    "T": [
        100.0,
        102.0,
        104.0,
        106.0,
        108.0,
        110.0,
        112.0,
        114.0,
        116.0,
        118.0,
        120.0,
        122.0,
        124.0,
        126.0,
        128.0,
        130.0,
        132.0,
        134.0,
        136.0,
        138.0,
        140.0,
        142.0,
        144.0,
        146.0,
        148.0,
        150.0,
        152.0,
        154.0,
        156.0,
        158.0
    ],
    "valueVeffReal": [
        -611153.2099906029,
        -576671.7371142631,
        -543604.7964691415,
        -511944.22061763064,
        -481684.4340016359,
        -452822.3222796274,
        -425357.1008824575,
        -399290.07671777974,
        -374624.6382847162,
        -351366.1157544989,
        -329521.75031822885,
        -309100.6553754268,
        -290113.8244503915,
        -272574.1664190963,
        -256496.57227399503,
        -241898.05048097813,
        -228797.90232042212,
        -217218.00527076816,
        -207183.2037797833,
        -198721.96467053614,
        -191867.1954425086,
        -186657.85305167473,
        -183141.52068210192,
        -181379.62996164264,
        -181459.90974619228,
        -183541.7657999586,
        -187886.08154418916,
        -192781.59228061888,
        -197879.7294843376,
        -203176.7411415106
    ],
    "valueVeffImag": [
        null,
        null,
        null,
        null,
        null,
        null,
        null,
        null,
        null,
        null,
        null,
        null,
        null,
        null,
        null,
        null,
        null,
        null,
        null,
        null,
        null,
        null,
        null,
        null,
        null,
        null,
        null,
        null,
        null,
        null
    ],
    "complex": false,
    "minimumLocation": [
        [
            2.573502535119232e-05,
            -8.54184626586374e-06,
            0.000932103132240153,
            -0.00046827060214588156,
            1.0168560987473124e-05,
            0.001101164697380478,
            -6.211678449721369e-05,
            9.563635018419725e-05,
            -0.00036338678512217327,
            0.0005378335190268958,
            4.5894235868260136e-05,
            -8.230359772845586e-05,
            -0.0005060659427689393,
            -3.958868175883701e-06,
            -0.00022386594618837088,
            -0.0002496840402211459,
            6.20812084600685e-05,
            8.320852115758386e-05,
            0.0005547574271866015,
            4.205185796118255e-05,
            9.382948927844081e-05,
            -7.144817538766142e-05,
            0.0005554955941296253,
            0.0005376528423225052,
            -9.417506780390718e-06,
            -0.0004971728947395816,
            -0.00020821961326201175,
            -8.007711394292385e-06,
            1.4093946780760347e-06,
            0.0
        ],
        [
            0.0001,
            0.0001,
            0.0012337049943524855,
            0.0012642041009863466,
            0.0001,
            0.0001,
            0.0001,
            0.0001,
            0.0001,
            0.0001,
            0.0001,
            0.0001,
            0.0001,
            0.0001,
            0.0001,
            0.0001,
            0.0001,
            0.0001,
            0.0001,
            0.0001,
            0.0001,
            0.0001,
            0.0001,
            0.0001,
            0.0001,
            0.0001,
            0.0001,
            0.0001,
            0.0001,
            0.0001
        ],
        [
            21.548524269321653,
            21.092814541245286,
            20.63528975847678,
            20.171861627201654,
            19.70431833479443,
            19.23305916134149,
            18.753370288608625,
            18.268079314324936,
            17.77289542147419,
            17.269543901968845,
            16.75527229481289,
            16.228246364949864,
            15.687475631538604,
            15.13015617554404,
            14.553564494977088,
            13.956346483527259,
            13.3325680591463,
            12.678460580143634,
            11.984902514445205,
            11.250640841424726,
            10.45717662745792,
            9.587958709963571,
            8.611603665885886,
            7.483114670882774,
            6.068630188862622,
            3.9114071393033267,
            0.0001,
            0.0001,
            0.0001,
            0.0001
        ]
    ],
    "bIsPerturbative": true,
    "UltraSoftTemp": 138.0,
    "failureReason": null
}