{
    "T": [
        100.0,
        102.0,
        104.0,
        106.0,
        108.0,
        110.0,
        112.0,
        114.0,
        116.0,
        118.0,
        120.0,
        122.0,
        124.0,
        126.0,
        128.0,
        130.0,
        132.0,
        134.0,
        136.0,
        138.0,
        140.0,
        142.0,
        144.0,
        146.0,
        148.0,
        150.0,
        152.0,
        154.0,
        156.0,
        158.0
    ],
    "vevDepthReal": [
        -614952.1523082003,
        -580375.4533343365,
        -547213.1043692365,
        -515456.3999534581,
        -485099.27630956186,
        -456138.16054608277,
        -428571.7429729467,
        -402400.8803061624,
        -377628.4698256056,
        -354259.38449540373,
        -332300.3644189059,
        -311760.0427327879,
        -292648.9042286562,
        -274979.3306591851,
        -258765.66471704625,
        -244024.32284325417,
        -230773.97146847076,
        -219035.78320237342,
        -208833.8190271164,
        -200195.5819085035,
        -193152.87996688596,
        -187743.21337837956,
        -184012.1235575284,
        -182017.88558502338,
        -181841.9960888938,
        -183624.4236343563,
        -187712.2272190294,
        -192591.2928009045,
        -197673.97913262722,
        -202956.30574394367
    ],
    "vevDepthImag": [
        0.0,
        0.0,
        0.0,
        0.0,
        0.0,
        0.0,
        0.0,
        0.0,
        0.0,
        0.0,
        0.0,
        0.0,
        0.0,
        0.0,
        0.0,
        0.0,
        0.0,
        0.0,
        0.0,
        0.0,
        0.0,
        0.0,
        0.0,
        0.0,
        0.0,
        0.0,
        0.0,
        0.0,
        0.0,
        0.0
    ],
    "vevLocation": [
        [
            -0.0006315825848697831,
            -0.00033107150480377046,
            -7.759449042077371e-05,
            9.108956880669004e-05,
            -0.0012611228332445046,
            0.0002421803326004236,
            -3.979083245629622e-05,
            1.2766217632589894e-05,
            -0.0008651057115225402,
            6.898674468737778e-07,
            0.00018368329116375155,
            -0.00013387673393763788,
            -1.580600456360659e-05,
            -7.505053164262587e-05,
            2.3420843980534456e-06,
            -7.91851067862212e-05,
            -0.00010048463788958628,
            0.00021564468349005023,
            -1.5875994274954805e-05,
            7.226748880762891e-07,
            0.0005109704276642923,
            -6.3414657250327e-05,
            0.0012321310052502144,
            3.524775252197743e-05,
            0.0003475601803448244,
            0.0004717386457396438,
            -6.818745562454237e-06,
            1.4252785318258578e-06,
            1.4132242464039347e-06,
            1.4132242464039347e-06
        ],
        [
            0.0001,
            0.0001,
            0.0005594228263196011,
            0.0001,
            0.0001,
            0.0007271191210193002,
            0.0001,
            0.0001,
            0.0005973126447361935,
            0.0001,
            0.0001,
            0.0001,
            0.0001,
            0.0001,
            0.0001,
            0.0001,
            0.0001,
            0.0001,
            0.0001,
            0.0001,
            0.0001,
            0.0001,
            0.0015231252889685637,
            0.0001,
            0.0002382528627674772,
            0.0001,
            0.0001,
            0.0001,
            0.0001,
            0.0001
        ],
        [
            21.562211148744254,
            21.10711457109172,
            20.650398564533624,
            20.188532292811317,
            19.72434230876841,
            19.25264351306377,
            18.776480584901694,
            18.292863282533528,
            17.800513523238724,
            17.300361995730018,
            16.789602420697452,
            16.265760348651195,
            15.728128014176852,
            15.174754538063448,
            14.603358643940616,
            14.01035158923612,
            13.392657967591573,
            12.74486020733608,
            12.062487021254212,
            11.335660640496869,
            10.55493537631955,
            9.700043282815404,
            8.747586646113763,
            7.648318788404302,
            6.296894561175635,
            4.347802602218566,
            0.0001,
            0.0001,
            0.0001,
            0.0001
        ]
    ],
    "bIsPerturbative": [
        true,
        true,
        true,
        true,
        true,
        true,
        true,
        true,
        true,
        true,
        true,
        true,
        true,
        true,
        true,
        true,
        true,
        true,
        true,
        true,
        true,
        true,
        true,
        true,
        true,
        true,
        true,
        true,
        true,
        true
    ],
    "bIsBounded": []
}