{
    "T": [
        100.0,
        102.0,
        104.0,
        106.0,
        108.0,
        110.0,
        112.0,
        114.0,
        116.0,
        118.0,
        120.0,
        122.0,
        124.0,
        126.0,
        128.0,
        130.0,
        132.0,
        134.0,
        136.0,
        138.0,
        140.0,
        142.0,
        144.0,
        146.0,
        148.0,
        150.0,
        152.0,
        154.0,
        156.0,
        158.0
    ],
    "valueVeffReal": [
        -629799.9850994045,
        -595488.8980498561,
        -562596.8135171033,
        -531114.0831102009,
        -501033.8912803618,
        -472352.05353855604,
        -445066.86047955655,
        -419178.9669780664,
        -394691.2387340863,
        -371608.7210832526,
        -349938.5102689608,
        -329689.77130279696,
        -310873.7028095709,
        -293503.56114810106,
        -277594.70359497546,
        -263164.7045350565,
        -250233.52249280643,
        -238823.74290130375,
        -228960.96143122128,
        -220674.36350047958,
        -213997.60399823272,
        -208970.28346224403,
        -205640.53137334494,
        -204070.1210743653,
        -204346.78630916972,
        -206628.9884847678,
        -211173.67506737466,
        -216272.13803747352,
        -221573.98475426948,
        -227075.74837178926
    ],
    "valueVeffImag": [
        null,
        null,
        null,
        null,
        null,
        null,
        null,
        null,
        null,
        null,
        null,
        null,
        null,
        null,
        null,
        null,
        null,
        null,
        null,
        null,
        null,
        null,
        null,
        null,
        null,
        null,
        null,
        null,
        null,
        null
    ],
    "complex": false,
    "minimumLocation": [
        [
            1.1247941422709573e-06,
            -0.0006124408853064034,
            0.0006001449007794252,
            -0.00022374025064301887,
            4.2298433725593276e-05,
            -1.4391438186238045e-05,
            0.0008222242726512886,
            -0.0007263076137878008,
            0.00016766621900449197,
            4.580629429238236e-06,
            -0.00036117901661483244,
            -0.00010579142810157594,
            1.186207647402987e-06,
            8.568197162303994e-05,
            -0.00011121743701343612,
            -6.0847365007221654e-05,
            -6.195657596200221e-06,
            9.470235021086194e-05,
            0.00029932756897813745,
            4.447984986133413e-05,
            -1.959293319990507e-05,
            -0.000340762112224835,
            2.115367179943671e-05,
            7.069803161882746e-05,
            0.00020124693883059614,
            -0.00040801368230781836,
            -6.816546744543503e-06,
            1.3454927092057898e-06,
            0.0,
            0.0
        ],
        [
            0.0001,
            0.0006124034644240895,
            0.0001,
            0.0009254871072791938,
            0.0001,
            0.0001,
            0.0001,
            0.0001,
            0.0001,
            0.0001,
            0.0001,
            0.0001,
            0.0001,
            0.0004548504095610176,
            0.0001,
            0.0001,
            0.0001,
            0.00026238476513864835,
            0.0005229802367578871,
            0.0001,
            0.0001,
            0.0001,
            0.0001,
            0.0001,
            0.0001,
            0.0001,
            0.0001,
            0.0001,
            0.0001,
            0.0001
        ],
        [
            21.532773818294494,
            21.077499983167012,
            20.619123011217063,
            20.15705012939915,
            19.69042302704,
            19.218359657149385,
            18.73974394718638,
            18.254842938351896,
            17.75999390517189,
            17.258258943589084,
            16.74447376564742,
            16.21783471526236,
            15.677228162825603,
            15.120173734025062,
            14.544666765312044,
            13.94653667433081,
            13.322755724265509,
            12.668466284940106,
            11.977298847486452,
            11.240461696116768,
            10.44665057930743,
            9.575836683611872,
            8.601895960151206,
            7.468934579278098,
            6.0585372311613614,
            3.9032237802934504,
            0.0001,
            0.0001,
            0.0001,
            0.0001
        ]
    ],
    "bIsPerturbative": true,
    "UltraSoftTemp": 138.0,
    "failureReason": null
}