{
    "T": [
        100.0,
        102.0,
        104.0,
        106.0,
        108.0,
        110.0,
        112.0,
        114.0,
        116.0,
        118.0,
        120.0,
        122.0,
        124.0,
        126.0,
        128.0,
        130.0,
        132.0,
        134.0,
        136.0,
        138.0,
        140.0,
        142.0,
        144.0,
        146.0,
        148.0,
        150.0,
        152.0,
        154.0,
        156.0,
        158.0
    ],
    "valueVeffReal": [
        -630697.6548086295,
        -596309.9835454688,
        -563340.1179522537,
        -531779.9624171233,
        -501624.0744623152,
        -472869.45869478286,
        -445515.4333616114,
        -419563.4295340169,
        -395016.94246585475,
        -371881.4268575294,
        -350164.2220249197,
        -329874.5560592108,
        -311023.4839478777,
        -293624.13273609016,
        -277691.36735283816,
        -263242.3154526706,
        -250296.34140930485,
        -238875.3783684991,
        -229004.31331030678,
        -220711.58211246826,
        -214030.0998065371,
        -208998.7075051757,
        -205664.8424265586,
        -204089.56385292418,
        -204359.91056825727,
        -206633.24791680972,
        -211170.23956193673,
        -216267.62521677342,
        -221568.3280946988,
        -227068.93301511987
    ],
    "valueVeffImag": [
        null,
        null,
        null,
        null,
        null,
        null,
        null,
        null,
        null,
        null,
        null,
        null,
        null,
        null,
        null,
        null,
        null,
        null,
        null,
        null,
        null,
        null,
        null,
        null,
        null,
        null,
        null,
        null,
        null,
        null
    ],
    "complex": false,
    "minimumLocation": [
        [
            9.931597921193636e-05,
            -0.0006463740293541527,
            4.903028823615395e-05,
            -1.0624816986104513e-05,
            4.928803308892893e-07,
            -0.0006253228756547269,
            -0.00041301357833512485,
            0.0009508243981616454,
            -0.0004576216923285886,
            2.3034171722849384e-06,
            0.00014178550947108876,
            -0.000219117231259185,
            0.0011860038476036866,
            0.0002507116406900156,
            -0.00030183815149933957,
            -1.7432276369296756e-05,
            -3.2139239755646365e-08,
            -4.624872727551632e-06,
            2.638086794240317e-06,
            -0.0006352310907402174,
            0.00038166095391094224,
            -0.0010544982860155802,
            -0.00022613085053748566,
            -3.755506515482087e-05,
            4.089451167276804e-06,
            0.00040891469695771704,
            1.436064974722276e-06,
            0.0,
            0.0,
            0.0
        ],
        [
            0.0001,
            0.0001,
            0.0001,
            0.0001,
            0.0001,
            0.0001,
            0.0007354486759172956,
            0.0001,
            0.0001,
            0.0001,
            0.0001,
            0.0001,
            0.0033073386336775618,
            0.0001,
            0.0009585186009333271,
            0.0001,
            0.0001,
            0.0001,
            0.0001,
            0.0001,
            0.0001,
            0.0001,
            0.00023371410010272818,
            0.0001,
            0.0001,
            0.0001,
            0.0001,
            0.0001,
            0.0001,
            0.0001
        ],
        [
            21.546576615728032,
            21.09028408679699,
            20.630977466826703,
            20.168512179022294,
            19.70113978750465,
            19.227190478925646,
            18.749312014988963,
            18.263687305131494,
            17.76780902305295,
            17.265001014604895,
            16.75018853953561,
            16.223131113610098,
            15.682100391164886,
            15.125500669713375,
            14.547913614802487,
            13.949728671738836,
            13.325768391387026,
            12.671286294282037,
            11.980006104667389,
            11.242248685194971,
            10.449624911301184,
            9.577582947219195,
            8.605576605863268,
            7.4744739424340905,
            6.064529746794187,
            3.922573503856027,
            0.0005923444389204224,
            0.00022250000000000007,
            0.00013,
            0.0001075
        ]
    ],
    "bIsPerturbative": true,
    "UltraSoftTemp": 138.0,
    "failureReason": null
}