{
    "T": [
        100.0,
        102.0,
        104.0,
        106.0,
        108.0,
        110.0,
        112.0,
        114.0,
        116.0,
        118.0,
        120.0,
        122.0,
        124.0,
        126.0,
        128.0,
        130.0,
        132.0,
        134.0,
        136.0,
        138.0,
        140.0,
        142.0,
        144.0,
        146.0,
        148.0,
        150.0,
        152.0,
        154.0,
        156.0,
        158.0
    ],
    "vevDepthReal": [
        -634486.3637603212,
        -600003.0976537301,
        -566937.5801167779,
        -535281.2873255135,
        -505028.16966490424,
        -476174.76860266866,
        -448719.8859408962,
        -422664.472874479,
        -398011.5256116953,
        -374765.9948713389,
        -352934.72917029704,
        -332526.4368438932,
        -313551.69572918344,
        -296022.9600346429,
        -279954.6464449689,
        -265363.2365958948,
        -252267.4515438155,
        -240688.50661088515,
        -230650.48744082695,
        -222180.90031092247,
        -215311.5231890873,
        -210079.78360260112,
        -206531.0763400828,
        -204723.34455736342,
        -204737.52588363364,
        -206711.96429066284,
        -210991.16094094957,
        -216072.3675814404,
        -221357.82873077755,
        -226843.92585854212
    ],
    "vevDepthImag": [
        0.0,
        0.0,
        0.0,
        0.0,
        0.0,
        0.0,
        0.0,
        0.0,
        0.0,
        0.0,
        0.0,
        0.0,
        0.0,
        0.0,
        0.0,
        0.0,
        0.0,
        0.0,
        0.0,
        0.0,
        0.0,
        0.0,
        0.0,
        0.0,
        0.0,
        0.0,
        0.0,
        0.0,
        0.0,
        0.0
    ],
    "vevLocation": [
        [
            5.139404339965514e-06,
            -0.000812038205185675,
            0.0018593506326544662,
            -8.171363983052252e-05,
            -0.00020649088636163354,
            0.0002535429167364756,
            -3.910514629816217e-05,
            6.719627889607144e-06,
            -0.00014261754955189644,
            0.00020473576384141823,
            3.687022599235812e-05,
            0.0007019437486989466,
            -5.569738952917493e-07,
            -6.825240539936293e-05,
            -7.890690173698815e-05,
            -8.93071528300024e-05,
            6.561107307977154e-07,
            0.0002742704196008472,
            0.00018520061940017303,
            0.00046430311076820635,
            -0.00036310128000112407,
            0.00015113364618581093,
            -0.0002505476471590675,
            -1.3329883322809937e-05,
            1.6911970771759516e-05,
            1.7207032779578598e-06,
            -0.00017096874347969574,
            3.132384434039598e-07,
            1.7851503153439637e-06,
            1.7851503153439637e-06
        ],
        [
            0.0001,
            0.0001,
            0.0001,
            0.0001,
            0.0001,
            0.0001,
            0.0001,
            0.0001,
            0.0001,
            0.0001,
            0.0001,
            0.0001,
            0.0001,
            0.0001,
            0.0001,
            0.0001,
            0.0001,
            0.0001,
            0.0001,
            0.0001,
            0.0001,
            0.0001,
            0.0001,
            0.0001,
            0.0001,
            0.0001,
            0.0001,
            0.0001,
            0.0001,
            0.0001
        ],
        [
            21.559126722771822,
            21.10421420163138,
            20.644735765381004,
            20.18600395952231,
            19.719878024874728,
            19.249993048354973,
            18.77270035282287,
            18.288837293382745,
            17.796736756430136,
            17.295960834234673,
            16.784054521205125,
            16.260406012042562,
            15.722420596419491,
            15.16881421690035,
            14.596909674690483,
            14.00408834433316,
            13.385889818278493,
            12.738550074699377,
            12.055053584756065,
            11.328097608616936,
            10.547880711158504,
            9.692857966846566,
            8.739906121553505,
            7.640974945907735,
            6.292323279900583,
            4.347609368328218,
            0.0001,
            0.0001,
            0.0001,
            0.0001
        ]
    ],
    "bIsPerturbative": [
        true,
        true,
        true,
        true,
        true,
        true,
        true,
        true,
        true,
        true,
        true,
        true,
        true,
        true,
        true,
        true,
        true,
        true,
        true,
        true,
        true,
        true,
        true,
        true,
        true,
        true,
        true,
        true,
        true,
        true
    ],
    "bIsBounded": []
}