{
    "T": [
        100.0,
        102.0,
        104.0,
        106.0,
        108.0,
        110.0,
        112.0,
        114.0,
        116.0,
        118.0,
        120.0,
        122.0,
        124.0,
        126.0,
        128.0,
        130.0,
        132.0,
        134.0,
        136.0,
        138.0,
        140.0,
        142.0,
        144.0,
        146.0,
        148.0,
        150.0,
        152.0,
        154.0,
        156.0,
        158.0
    ],
    "valueVeffReal": [
        -580862.9058002046,
        -546387.1235896433,
        -513318.3649761818,
        -481646.129780237,
        -451362.7272224857,
        -422463.08089449815,
        -394944.54494335386,
        -368806.80341092916,
        -344051.7362223734,
        -320683.33936008636,
        -298707.65574408416,
        -278132.73312777217,
        -258968.61479742575,
        -241227.35166091935,
        -224923.0341034085,
        -210071.91981230932,
        -196692.55716276434,
        -184806.0418124157,
        -174436.36439440813,
        -165610.95663933625,
        -158361.5283670336,
        -152725.43977675226,
        -148748.10868341528,
        -146487.71436856233,
        -146026.22577137113,
        -147506.9670398421,
        -151263.12837155978,
        -155734.4724955079,
        -160407.54079975333,
        -165277.33483259124
    ],
    "valueVeffImag": [
        null,
        null,
        null,
        null,
        null,
        null,
        null,
        null,
        null,
        null,
        null,
        null,
        null,
        null,
        null,
        null,
        null,
        null,
        null,
        null,
        null,
        null,
        null,
        null,
        null,
        null,
        null,
        null,
        null,
        null
    ],
    "complex": false,
    "minimumLocation": [
        [
            7.033150860169231e-06,
            0.0001399617422710442,
            -7.726799552787433e-05,
            -0.00044064174546346296,
            0.0006616957640479051,
            4.461755392022246e-06,
            0.00011066336026463452,
            0.00016290071458149435,
            0.00035755906491478223,
            -2.6054563990948743e-06,
            0.0005517071430409088,
            -2.7526407866042962e-06,
            0.0002947516711126804,
            4.054782392024642e-05,
            -0.00022923245259325042,
            6.107424416016208e-06,
            0.00016789027458971638,
            -1.7253158970068072e-05,
            5.292737094701738e-05,
            -7.233552789390196e-05,
            -3.982133478292772e-05,
            -5.209436066583306e-05,
            0.0004331370901973497,
            -1.412851894257161e-05,
            8.8594882331261e-05,
            4.923084035641872e-05,
            0.0003173205307028665,
            1.655605361629731e-06,
            0.0,
            0.0
        ],
        [
            0.0001,
            0.0001,
            0.0001,
            0.0001,
            0.0001,
            0.0001,
            0.0001,
            0.0001,
            0.0001,
            0.0001,
            0.0001,
            0.0001,
            0.0001,
            0.0001,
            0.0001,
            0.0001,
            0.0001,
            0.0001,
            0.0001,
            0.0001,
            0.0001,
            0.0001,
            0.00019784492791429992,
            0.0001,
            0.0001,
            0.0001,
            0.0001,
            0.0001,
            0.0001,
            0.0001
        ],
        [
            21.521629841080262,
            21.068389658132645,
            20.610259913732236,
            20.149910620892722,
            19.684984159271146,
            19.214335833902787,
            18.738178449961566,
            18.25488920527885,
            17.7633853467206,
            17.26294961137313,
            16.751841099334925,
            16.228960532159462,
            15.691417580494385,
            15.138314857413722,
            14.567964899369112,
            13.974048019648707,
            13.356203848209454,
            12.7085335424834,
            12.025117231806107,
            11.297614418017691,
            10.514746183242321,
            9.659459013607739,
            8.704283972143942,
            7.600139433628897,
            6.236815672016564,
            4.243395541362509,
            0.0001,
            0.0001,
            0.0001,
            0.0001
        ]
    ],
    "bIsPerturbative": true,
    "UltraSoftTemp": 142.0,
    "failureReason": null
}