{
    "T": [
        100.0,
        102.0,
        104.0,
        106.0,
        108.0,
        110.0,
        112.0,
        114.0,
        116.0,
        118.0,
        120.0,
        122.0,
        124.0,
        126.0,
        128.0,
        130.0,
        132.0,
        134.0,
        136.0,
        138.0,
        140.0,
        142.0,
        144.0,
        146.0,
        148.0,
        150.0,
        152.0,
        154.0,
        156.0,
        158.0
    ],
    "valueVeffReal": [
        -580862.9057716685,
        -546387.1236271826,
        -513318.36498902645,
        -481646.1297802399,
        -451362.7272652249,
        -422463.08089449635,
        -394944.544943352,
        -368806.8033670833,
        -344051.73658679053,
        -320683.33936008473,
        -298707.65637741657,
        -278132.7333392717,
        -258968.61463399784,
        -241227.35166698147,
        -224923.03410339786,
        -210071.9198123083,
        -196692.5571627635,
        -184806.0418124147,
        -174436.3643944073,
        -165610.95663939742,
        -158361.52836703288,
        -152725.43966196696,
        -148748.10868341418,
        -146487.7143685622,
        -146026.22577137002,
        -147506.96703984175,
        -151263.12838040342,
        -155734.47249550774,
        -160407.54079975354,
        -165277.33483259144
    ],
    "valueVeffImag": [
        null,
        null,
        null,
        null,
        null,
        null,
        null,
        null,
        null,
        null,
        null,
        null,
        null,
        null,
        null,
        null,
        null,
        null,
        null,
        null,
        null,
        null,
        null,
        null,
        null,
        null,
        null,
        null,
        null,
        null
    ],
    "complex": false,
    "minimumLocation": [
        [
            -0.00011106009718991894,
            0.00015039574418995727,
            -4.734043271663324e-06,
            -0.0004406408370793667,
            0.00010797031936359003,
            4.461747717461606e-06,
            0.00011066409873181776,
            0.00021183942160514675,
            4.302045618213442e-05,
            -2.6054593640079116e-06,
            -5.1687414132335976e-05,
            3.173449491042368e-05,
            0.0001572199228029869,
            -6.3059950646503216e-06,
            -0.0002292321127064928,
            6.1074273788128824e-06,
            0.0001678902736172547,
            -1.725309683235643e-05,
            5.292737110920709e-05,
            -7.228260858538338e-05,
            -3.9821494023314224e-05,
            0.00019171671138010563,
            0.0004331372947701667,
            -1.412810549508009e-05,
            8.85950298445265e-05,
            4.923221815743002e-05,
            0.00031299176219214825,
            1.8344061148908852e-06,
            0.0,
            0.0
        ],
        [
            0.0001,
            0.0001,
            0.0001,
            0.0001,
            0.00038895519741486724,
            0.0001,
            0.0001,
            0.0001,
            0.0001,
            0.0001,
            0.0001,
            0.0001,
            0.0001,
            0.0001,
            0.0001,
            0.0001,
            0.0001,
            0.0001,
            0.0001,
            0.0001,
            0.0001,
            0.0001,
            0.00019784499073641044,
            0.0001,
            0.0001,
            0.0001,
            0.0001,
            0.0001,
            0.0001,
            0.0001
        ],
        [
            21.52161487716943,
            21.068384588304035,
            20.610283639865255,
            20.149910619891585,
            19.68395265459002,
            19.214335833979685,
            18.7381784495886,
            18.25489298337096,
            17.763505718813903,
            17.26294961136838,
            16.75161234900805,
            16.228220357953393,
            15.691757590723352,
            15.138339355938117,
            14.567964901399002,
            13.97404801964829,
            13.356203848206022,
            12.708533538359104,
            12.02511723180778,
            11.297614722712352,
            10.51474618295143,
            9.659267503973298,
            8.704283972267174,
            7.600139432713041,
            6.236815671294292,
            4.243395541833858,
            0.0001,
            0.0001,
            0.0001,
            0.0001
        ]
    ],
    "bIsPerturbative": true,
    "UltraSoftTemp": 142.0,
    "failureReason": null
}