{
    "T": [
        100.0,
        102.0,
        104.0,
        106.0,
        108.0,
        110.0,
        112.0,
        114.0,
        116.0,
        118.0,
        120.0,
        122.0,
        124.0,
        126.0,
        128.0,
        130.0,
        132.0,
        134.0,
        136.0,
        138.0,
        140.0,
        142.0,
        144.0,
        146.0,
        148.0,
        150.0,
        152.0,
        154.0,
        156.0,
        158.0
    ],
    "valueVeffReal": [
        -634483.1076292933,
        -599999.7533548751,
        -566934.2327524131,
        -535277.9285755957,
        -505024.8838606737,
        -476171.6017649245,
        -448716.87515925214,
        -422661.6606923222,
        -398008.9309540344,
        -374763.65245503775,
        -352932.6464181191,
        -332524.6272120467,
        -313550.1547141341,
        -296021.68447415094,
        -279953.6250141197,
        -265362.4523872271,
        -252266.8825019163,
        -240688.12703543832,
        -230650.2670964995,
        -222180.807518253,
        -215311.52502609906,
        -210079.84624732242,
        -206531.16806254664,
        -204723.4385912564,
        -204737.5952696052,
        -206711.98847777548,
        -210991.13743110842,
        -216072.3421156775,
        -221357.80474736076,
        -226843.90793362446
    ],
    "valueVeffImag": [
        null,
        null,
        null,
        null,
        null,
        null,
        null,
        null,
        null,
        null,
        null,
        null,
        null,
        null,
        null,
        null,
        null,
        null,
        null,
        null,
        null,
        null,
        null,
        null,
        null,
        null,
        null,
        null,
        null,
        null
    ],
    "complex": false,
    "minimumLocation": [
        [
            -1.8200444238974933e-05,
            -4.02164234964298e-05,
            4.802752091905178e-05,
            -8.088114729572563e-05,
            -0.0002890000171263396,
            -0.0003625439041464607,
            0.00013526542467337532,
            0.0002709911062324655,
            -0.00017545785517647516,
            0.0004911660553162887,
            -0.0006836029405329902,
            2.0439371433839115e-06,
            -5.537259705873897e-07,
            -6.636554186612194e-05,
            -7.888401483696628e-05,
            4.699811803399179e-05,
            6.568208703872092e-07,
            5.731650311130605e-06,
            -1.3533640906282507e-06,
            0.00046408967075372426,
            -0.0003627026554663404,
            -1.8087426192858747e-05,
            0.0002984114973760277,
            -1.52079985273057e-06,
            0.00024435624693780553,
            -0.00020093696951795537,
            3.233137904745708e-05,
            1.3582205827279489e-06,
            0.0,
            0.0
        ],
        [
            0.0001,
            0.0001,
            0.0001,
            0.0001,
            0.0001,
            0.0001,
            0.0009271725462556002,
            0.0001,
            0.0013715764089024282,
            0.0001,
            0.0001,
            0.0001,
            0.0001,
            0.0001,
            0.0001,
            0.0001,
            0.0001,
            0.0001,
            0.0001,
            0.0001,
            0.0001,
            0.0001,
            0.0006218075677618231,
            0.0001,
            0.0001,
            0.0001,
            0.0001,
            0.0001,
            0.0001,
            0.0001
        ],
        [
            21.559078129704396,
            21.10446612651747,
            20.646927375753602,
            20.185946602855786,
            19.720105732829293,
            19.249153214420904,
            18.77210010230395,
            18.288852884001333,
            17.79714435756774,
            17.295798643318737,
            16.78346857383206,
            16.260009598080558,
            15.722372837970115,
            15.168772415637658,
            14.596871425032896,
            14.003927993309457,
            13.385862951056307,
            12.738214752625899,
            12.054968612581249,
            11.328090625556829,
            10.547880193963126,
            9.693324085803676,
            8.73986830359333,
            7.6409834916451596,
            6.292646886532006,
            4.3476166676555605,
            0.0001,
            0.0001,
            0.0001,
            0.0001
        ]
    ],
    "bIsPerturbative": true,
    "UltraSoftTemp": 140.0,
    "failureReason": null
}