{
    "T": [
        100.0,
        102.0,
        104.0,
        106.0,
        108.0,
        110.0,
        112.0,
        114.0,
        116.0,
        118.0,
        120.0,
        122.0,
        124.0,
        126.0,
        128.0,
        130.0,
        132.0,
        134.0,
        136.0,
        138.0,
        140.0,
        142.0,
        144.0,
        146.0,
        148.0,
        150.0,
        152.0,
        154.0,
        156.0,
        158.0
    ],
    "valueVeffReal": [
        -630688.1918131321,
        -596300.2532885849,
        -563330.2842474466,
        -531770.1937600847,
        -501614.52106566646,
        -472860.266416012,
        -445506.71173074044,
        -419555.2889475359,
        -395009.46779710986,
        -371874.6724973356,
        -350158.2441514253,
        -329869.3735239684,
        -311019.1054308056,
        -293620.5323984726,
        -277688.3447578763,
        -263240.14964682155,
        -250294.8013224934,
        -238874.38404942455,
        -229003.7727202911,
        -220711.38219870607,
        -214030.18220445,
        -208998.961693998,
        -205665.15433758622,
        -204089.8547352643,
        -204360.09145569132,
        -206633.28392755255,
        -211170.14000094598,
        -216267.5188235286,
        -221568.22502389995,
        -227068.84722407412
    ],
    "valueVeffImag": [
        null,
        null,
        null,
        null,
        null,
        null,
        null,
        null,
        null,
        null,
        null,
        null,
        null,
        null,
        null,
        null,
        null,
        null,
        null,
        null,
        null,
        null,
        null,
        null,
        null,
        null,
        null,
        null,
        null,
        null
    ],
    "complex": false,
    "minimumLocation": [
        [
            -0.0010690531124803709,
            -0.000283423854001489,
            0.0008981923100015192,
            -3.128824341021991e-05,
            0.00020630129653501344,
            3.28112605158604e-05,
            4.512809763526637e-05,
            0.00010090377093338772,
            1.9726340909947265e-05,
            -0.00046198038876802197,
            -8.976603333790689e-05,
            -0.00022996214418871935,
            -0.0030548888427102544,
            1.0513786044092852e-05,
            -0.0014168922361572443,
            1.4178095715737526e-05,
            5.241909735123618e-06,
            -0.00010338074428548733,
            -0.0008590795885307732,
            0.0010230953803618778,
            0.00028628750629868666,
            -0.00018484360982132242,
            6.918620499837651e-05,
            -2.798954722591819e-06,
            0.001385487971654005,
            1.6061691654747304e-06,
            -8.45765508152227e-05,
            2.492191451386634e-06,
            0.0,
            1.295819664348663e-06
        ],
        [
            0.0001,
            0.0001,
            0.0001,
            0.0001,
            0.0001,
            0.0001,
            0.0001,
            0.0001,
            0.0001,
            0.0009572525463908562,
            0.0001,
            0.0001,
            0.0001,
            0.0001,
            0.004788963047919368,
            0.0001,
            0.0001,
            0.0002760998135432127,
            0.0001,
            0.0010126363099087865,
            0.0001,
            0.0001,
            0.0001,
            0.0001,
            0.001283761098409772,
            0.0001,
            0.0001,
            0.0001,
            0.0001,
            0.0001
        ],
        [
            21.545854404461707,
            21.090039142952794,
            20.63109732171635,
            20.168303255695,
            19.701002478807467,
            19.22815633114253,
            18.749022476549683,
            18.263239995731833,
            17.76878838219745,
            17.26501266635799,
            16.75004111941953,
            16.222984307315457,
            15.682980619903121,
            15.124296521907468,
            14.541974616410423,
            13.9496297259953,
            13.32568183239192,
            12.67119678024397,
            11.980503783865174,
            11.239650938475824,
            10.450487595209824,
            9.579844037398209,
            8.606020862375686,
            7.474259670971411,
            6.064450631415192,
            3.9181919818718227,
            0.00021242809189117584,
            0.0001,
            0.0001,
            0.0001
        ]
    ],
    "bIsPerturbative": true,
    "UltraSoftTemp": 138.0,
    "failureReason": null
}