{
    "T": [
        100.0,
        102.0,
        104.0,
        106.0,
        108.0,
        110.0,
        112.0,
        114.0,
        116.0,
        118.0,
        120.0,
        122.0,
        124.0,
        126.0,
        128.0,
        130.0,
        132.0,
        134.0,
        136.0,
        138.0,
        140.0,
        142.0,
        144.0,
        146.0,
        148.0,
        150.0,
        152.0,
        154.0,
        156.0,
        158.0
    ],
    "valueVeffReal": [
        -629799.985099406,
        -595488.898052555,
        -562596.8136657955,
        -531114.0831106816,
        -501033.89128697955,
        -472352.0527535032,
        -445066.8627589146,
        -419178.96246876114,
        -394691.2387340899,
        -371608.7210831881,
        -349938.510268964,
        -329689.7713316061,
        -310873.7027592889,
        -293503.56114809914,
        -277594.70349397074,
        -263164.704535057,
        -250233.52249283445,
        -238823.7431474478,
        -228960.9626950745,
        -220674.36350047975,
        -213997.6039982287,
        -208970.28346235555,
        -205640.53137334532,
        -204070.12107436548,
        -204346.78630916978,
        -206628.98848476817,
        -211173.67506737457,
        -216272.13803747343,
        -221573.9847542695,
        -227075.74837179214
    ],
    "valueVeffImag": [
        null,
        null,
        null,
        null,
        null,
        null,
        null,
        null,
        null,
        null,
        null,
        null,
        null,
        null,
        null,
        null,
        null,
        null,
        null,
        null,
        null,
        null,
        null,
        null,
        null,
        null,
        null,
        null,
        null,
        null
    ],
    "complex": false,
    "minimumLocation": [
        [
            1.1247933395311382e-06,
            -0.000612090520148538,
            0.000507015718088687,
            -0.00022373816383351437,
            -4.25679385742013e-06,
            -0.0003413385687080356,
            0.00039620068509167716,
            0.00024561676431131274,
            0.00016766613817659204,
            4.398504504198476e-06,
            -0.00036117850423436973,
            -9.02378288730743e-06,
            0.00011964808608004238,
            8.568981805134933e-05,
            -0.00012665127155253586,
            -6.0847361079932605e-05,
            -6.17074455000477e-06,
            2.149108546740941e-05,
            2.5596561848223454e-05,
            4.4479850101253326e-05,
            -1.959307429565127e-05,
            -0.0003407393355323862,
            2.115367256246871e-05,
            7.069803457522214e-05,
            0.0002012469390378596,
            -0.0004080135577644193,
            -6.816546651629979e-06,
            1.3454927034099127e-06,
            0.0,
            2.363091171950541e-06
        ],
        [
            0.0001,
            0.0006120586100577712,
            0.0001,
            0.0009254057178487655,
            0.0001,
            0.0003732389830118834,
            0.0001,
            0.001331197743382067,
            0.0001,
            0.0001,
            0.0001,
            0.0001,
            0.0001,
            0.00045484989523811564,
            0.0001,
            0.0001,
            0.0001,
            0.0001,
            0.0001,
            0.0001,
            0.0001,
            0.0001,
            0.0001,
            0.0001,
            0.0001,
            0.0001,
            0.0001,
            0.0001,
            0.0001,
            0.0001
        ],
        [
            21.532773818294242,
            21.077500004100838,
            20.619263752645114,
            20.15705013748508,
            19.69041517063197,
            19.21860315833926,
            18.73989511297966,
            18.25468840839131,
            17.7599939054372,
            17.258258454281396,
            16.744473764474545,
            16.217803314781868,
            15.677199484945033,
            15.120173735580632,
            14.544720128708494,
            13.946536674333812,
            13.322755846558232,
            12.668489904494033,
            11.97737676609264,
            11.240461696117153,
            10.446650583756005,
            9.575836735000513,
            8.601895960153747,
            7.468934579270175,
            6.058537231161364,
            3.903223780300895,
            0.0001,
            0.0001,
            0.0001,
            0.0001
        ]
    ],
    "bIsPerturbative": true,
    "UltraSoftTemp": 138.0,
    "failureReason": null
}