{
    "T": [
        100.0,
        102.0,
        104.0,
        106.0,
        108.0,
        110.0,
        112.0,
        114.0,
        116.0,
        118.0,
        120.0,
        122.0,
        124.0,
        126.0,
        128.0,
        130.0,
        132.0,
        134.0,
        136.0,
        138.0,
        140.0,
        142.0,
        144.0,
        146.0,
        148.0,
        150.0,
        152.0,
        154.0,
        156.0,
        158.0
    ],
    "valueVeffReal": [
        -630688.1918131346,
        -596300.25348102,
        -563330.2842650353,
        -531770.1937600871,
        -501614.50028998347,
        -472860.2664158093,
        -445506.71173074027,
        -419555.28894680896,
        -395009.46679528686,
        -371874.67505527346,
        -350158.24415142817,
        -329869.3735239701,
        -311019.1117421026,
        -293620.5323985467,
        -277688.42811174464,
        -263240.14687528217,
        -250294.8013224942,
        -238874.3840494251,
        -229003.77272049955,
        -220711.38220017348,
        -214030.1822044502,
        -208998.96168344654,
        -205665.15435211136,
        -204089.8547352643,
        -204360.09145569164,
        -206633.2839275525,
        -211170.14000094522,
        -216267.51882352852,
        -221568.22502389978,
        -227068.8472240667
    ],
    "valueVeffImag": [
        null,
        null,
        null,
        null,
        null,
        null,
        null,
        null,
        null,
        null,
        null,
        null,
        null,
        null,
        null,
        null,
        null,
        null,
        null,
        null,
        null,
        null,
        null,
        null,
        null,
        null,
        null,
        null,
        null,
        null
    ],
    "complex": false,
    "minimumLocation": [
        [
            -0.001069053084977293,
            -0.0001190020072645015,
            0.0008943887923655665,
            -3.128823814074408e-05,
            0.0007561648424793763,
            -4.2724258330248746e-05,
            4.5129133641866326e-05,
            0.00010201358366989863,
            -0.0005437371772752334,
            0.0006349846788345978,
            -8.976495571220988e-05,
            -0.00022996215441383437,
            0.0028541357946078576,
            1.0505879637219898e-05,
            -0.0013387479455395368,
            -0.0008814567007703333,
            5.2419096806845256e-06,
            -0.00010338074494179849,
            -0.0008590488076473911,
            0.0010230299676337335,
            0.0002862875060146014,
            -0.0001923988620213396,
            -2.9748584323320212e-05,
            -2.7989541847212897e-06,
            0.0013854879351199306,
            1.6061737968108437e-06,
            -8.456892482322162e-05,
            2.492193211791824e-06,
            0.0,
            0.0
        ],
        [
            0.0001,
            0.0001,
            0.0001,
            0.0001,
            0.0001,
            0.0001,
            0.0001,
            0.0001,
            0.0001,
            0.0001,
            0.0001,
            0.0001,
            0.0001,
            0.0001,
            0.004089886669542972,
            0.0001,
            0.0001,
            0.0002760998146061467,
            0.0001,
            0.0010124977766430416,
            0.0001,
            0.0001,
            0.0001,
            0.0001,
            0.0012837611089085617,
            0.0001,
            0.0001,
            0.0001,
            0.0001,
            0.0001
        ],
        [
            21.54585440448909,
            21.090028845347693,
            20.631091734286485,
            20.168303255697143,
            19.703215250711942,
            19.228159542593186,
            18.749022475408882,
            18.26324000108269,
            17.76865182973665,
            17.264875589499546,
            16.750041120867706,
            16.222984307319315,
            15.68091556894309,
            15.124296363949862,
            14.545022956191932,
            13.94955966602487,
            13.325681832383435,
            12.671196780246087,
            11.980503775342438,
            11.239650933341876,
            10.450487595220936,
            9.579852095910246,
            8.605911588982565,
            7.474259670975031,
            6.064450631403083,
            3.9181919820996574,
            0.0002126445402548527,
            0.0001,
            0.0001,
            0.0001
        ]
    ],
    "bIsPerturbative": true,
    "UltraSoftTemp": 138.0,
    "failureReason": null
}