{
    "T": [
        100.0,
        102.0,
        104.0,
        106.0,
        108.0,
        110.0,
        112.0,
        114.0,
        116.0,
        118.0,
        120.0,
        122.0,
        124.0,
        126.0,
        128.0,
        130.0,
        132.0,
        134.0,
        136.0,
        138.0,
        140.0,
        142.0,
        144.0,
        146.0,
        148.0,
        150.0,
        152.0,
        154.0,
        156.0,
        158.0
    ],
    "vevDepthReal": [
        -634483.1996516756,
        -599999.8397641019,
        -566934.3186194075,
        -535278.0114597604,
        -505024.95641837915,
        -476171.6789668247,
        -448716.952275002,
        -422661.73135467456,
        -398009.0048247212,
        -374763.7163851292,
        -352932.7070497556,
        -332524.68409782834,
        -313550.20856644673,
        -296021.7348207136,
        -279953.67176739615,
        -265362.4953636996,
        -252266.921760319,
        -240688.16174601874,
        -230650.297239796,
        -222180.83458639577,
        -215311.54771809885,
        -210079.86561464085,
        -206531.18280883486,
        -204723.44680706318,
        -204737.59796813483,
        -206711.9849937815,
        -210991.12801451888,
        -216072.332011988,
        -221357.7939585061,
        -226843.89645732706
    ],
    "vevDepthImag": [
        0.0,
        0.0,
        0.0,
        0.0,
        0.0,
        0.0,
        0.0,
        0.0,
        0.0,
        0.0,
        0.0,
        0.0,
        0.0,
        0.0,
        0.0,
        0.0,
        0.0,
        0.0,
        0.0,
        0.0,
        0.0,
        0.0,
        0.0,
        0.0,
        0.0,
        0.0,
        0.0,
        0.0,
        0.0,
        0.0
    ],
    "vevLocation": [
        [
            -1.8345371744388217e-05,
            -0.0008107949292920497,
            4.9441556465353725e-05,
            0.00010091748765515829,
            -0.0012765119048460411,
            0.00015211228598197973,
            5.063934551048687e-05,
            -8.756002222692905e-06,
            0.00017739188267307466,
            0.0004897350964613645,
            -0.0006836024041004807,
            6.845363843683422e-05,
            -5.539182794983728e-07,
            -6.719140486730578e-05,
            -7.888597385405545e-05,
            8.902263583177028e-05,
            6.568106201004786e-07,
            -0.0004074052785967702,
            -0.0005080193862409812,
            0.0004641834683263013,
            -0.0003625164675641612,
            -5.435310179419117e-05,
            -0.00021488703217552242,
            2.050223406966983e-05,
            0.00029289440779232696,
            -0.0002008889766335533,
            3.229282122243701e-05,
            2.796046873615454e-07,
            2.796046873615454e-07,
            2.796046873615454e-07
        ],
        [
            0.0001,
            0.0001,
            0.0001,
            0.0001,
            0.0001,
            0.0001,
            0.0001,
            0.0001,
            0.0001,
            0.0001,
            0.0001,
            0.0001,
            0.0001,
            0.0001,
            0.0001,
            0.0001,
            0.0001,
            0.0001,
            0.00020633900149787476,
            0.0001,
            0.0001,
            0.0001,
            0.00021210886873182684,
            0.0001,
            0.0001,
            0.0001,
            0.0001,
            0.0001,
            0.0001,
            0.0001
        ],
        [
            21.559079421563965,
            21.104162750366047,
            20.64692837946686,
            20.185798273169162,
            19.719459511645773,
            19.249298955077055,
            18.772487357684025,
            18.288697166401928,
            17.796667055750262,
            17.295798243861455,
            16.783470087581808,
            16.260378321163298,
            15.722374409396497,
            15.168773374981349,
            14.596873104531976,
            14.003766522856099,
            13.385864787809878,
            12.738129354761936,
            12.054782000782764,
            11.328092816409539,
            10.547882228024001,
            9.692431842278783,
            8.739991986800348,
            7.641035905938258,
            6.292391172055337,
            4.347624603049551,
            0.0001,
            0.0001,
            0.0001,
            0.0001
        ]
    ],
    "bIsPerturbative": [
        true,
        true,
        true,
        true,
        true,
        true,
        true,
        true,
        true,
        true,
        true,
        true,
        true,
        true,
        true,
        true,
        true,
        true,
        true,
        true,
        true,
        true,
        true,
        true,
        true,
        true,
        true,
        true,
        true,
        true
    ],
    "bIsBounded": []
}