{
    "T": [
        100.0,
        102.0,
        104.0,
        106.0,
        108.0,
        110.0,
        112.0,
        114.0,
        116.0,
        118.0,
        120.0,
        122.0,
        124.0,
        126.0,
        128.0,
        130.0,
        132.0,
        134.0,
        136.0,
        138.0,
        140.0,
        142.0,
        144.0,
        146.0,
        148.0,
        150.0,
        152.0,
        154.0,
        156.0,
        158.0
    ],
    "valueVeffReal": [
        -634483.1996516765,
        -599999.839764103,
        -566934.3186194093,
        -535278.0114297397,
        -505024.96389090666,
        -476171.67895909527,
        -448716.94903535565,
        -422661.7313546754,
        -398008.9979227963,
        -374763.71638512565,
        -352932.7070497563,
        -332524.6840846293,
        -313550.20856644725,
        -296021.7348217793,
        -279953.6718188301,
        -265362.49536370026,
        -252266.92176031938,
        -240688.161746019,
        -230650.29809614632,
        -222180.8345863958,
        -215311.54771809894,
        -210079.86476885632,
        -206531.1819739441,
        -204723.44680706313,
        -204737.59832663613,
        -206711.98499378146,
        -210991.12801450872,
        -216072.33201198795,
        -221357.79395850326,
        -226843.8964573243
    ],
    "valueVeffImag": [
        0.0,
        0.0,
        0.0,
        0.0,
        0.0,
        0.0,
        0.0,
        0.0,
        0.0,
        0.0,
        0.0,
        0.0,
        0.0,
        0.0,
        0.0,
        0.0,
        0.0,
        0.0,
        0.0,
        0.0,
        0.0,
        0.0,
        0.0,
        0.0,
        0.0,
        0.0,
        0.0,
        0.0,
        0.0,
        0.0
    ],
    "minimumLocation": [
        [
            -1.8345360268789968e-05,
            -0.0008107949270296233,
            4.944096606994061e-05,
            7.493013897297285e-05,
            5.686043487836134e-06,
            0.0001544019505401597,
            0.00032208890094695365,
            -8.755889219960733e-06,
            -0.00018176957004066574,
            0.0004897359113397372,
            -0.0006836024032447485,
            7.497664723155745e-05,
            -5.539160753921177e-07,
            -6.59577939151855e-05,
            -0.00010577135593565004,
            8.902261477711226e-05,
            6.568094277278891e-07,
            -0.0004074052793119065,
            -0.00018821978273288534,
            0.0004641834694029956,
            -0.00036251646727455955,
            -1.9425354175206522e-05,
            0.0004724938548898751,
            2.050224545709252e-05,
            1.0023929781083352e-05,
            -0.00020088897667767708,
            3.233242069575768e-05,
            2.796047128238166e-07,
            0.0,
            0.0
        ],
        [
            0.0001,
            0.0001,
            0.0001,
            0.0001,
            0.0001,
            0.0001,
            0.0008714807246364853,
            0.0001,
            0.0013844416813350244,
            0.0001,
            0.0001,
            0.0001,
            0.0001,
            0.0001,
            0.0001,
            0.0001,
            0.0001,
            0.0001,
            0.00019499584597165568,
            0.0001,
            0.0001,
            0.0001,
            0.0001,
            0.0001,
            0.0001,
            0.0001,
            0.0001,
            0.0001,
            0.0001,
            0.0001
        ],
        [
            21.55907942156131,
            21.104162750365866,
            20.646928379589763,
            20.185687368690445,
            19.720237036064457,
            19.249293731427368,
            18.772963353463176,
            18.28869716645173,
            17.797170042767497,
            17.295798244942052,
            16.783470087582078,
            16.260383177120843,
            15.722374409394792,
            15.16877435838132,
            14.597076235916465,
            14.003766522761396,
            13.385864787808424,
            12.73812935476193,
            12.054811037424987,
            11.32809281641378,
            10.547882228018185,
            9.69313475028723,
            8.73915136055026,
            7.641035905913672,
            6.292173201408701,
            4.347624603039763,
            0.0001,
            0.0001,
            0.0001,
            0.0001
        ]
    ],
    "bIsPerturbative": true,
    "badReason": ""
}