{
    "T": [
        100.0,
        102.0,
        104.0,
        106.0,
        108.0,
        110.0,
        112.0,
        114.0,
        116.0,
        118.0,
        120.0,
        122.0,
        124.0,
        126.0,
        128.0,
        130.0,
        132.0,
        134.0,
        136.0,
        138.0,
        140.0,
        142.0,
        144.0,
        146.0,
        148.0,
        150.0,
        152.0,
        154.0,
        156.0,
        158.0
    ],
    "valueVeffReal": [
        -724917.645287816,
        -691031.0857953284,
        -658568.637986726,
        -627520.504701194,
        -597879.708303165,
        -569641.8480713574,
        -542804.9695809648,
        -517369.44278328505,
        -493337.8238159591,
        -470714.76618328353,
        -449506.9779586541,
        -429723.116535042,
        -411373.8314855312,
        -394471.75176604115,
        -379031.49579837435,
        -365069.7922561102,
        -352605.6280344171,
        -341660.4215124522,
        -332258.38101584464,
        -324427.0430502112,
        -318197.93751196325,
        -313607.9497207701,
        -310701.4413673612,
        -309534.45586031413,
        -310184.3041740046,
        -312780.34603720985,
        -317662.7856300736,
        -323420.796969462,
        -329384.9389626903,
        -335552.361629036
    ],
    "valueVeffImag": [
        null,
        null,
        null,
        null,
        null,
        null,
        null,
        null,
        null,
        null,
        null,
        null,
        null,
        null,
        null,
        null,
        null,
        null,
        null,
        null,
        null,
        null,
        null,
        null,
        null,
        null,
        null,
        null,
        null,
        null
    ],
    "complex": false,
    "minimumLocation": [
        [
            0.0008750888144188201,
            0.0003290128452869828,
            1.89539380892746e-05,
            -0.0009556939136642949,
            -0.0007107865682983924,
            0.00017990606820978555,
            -4.9779601273334736e-05,
            6.540497142666635e-07,
            4.595669920681722e-05,
            0.00043923774676193905,
            2.460509668277336e-07,
            7.955663343653385e-05,
            -0.0002548412099342423,
            -0.0002675994584013103,
            5.991623286134471e-05,
            0.00011666203220545707,
            -0.0002759349436694536,
            2.342949351200052e-05,
            0.00046971502219254543,
            3.0383167103052028e-05,
            0.0003184157461054698,
            8.928916376942098e-05,
            8.895457009501506e-07,
            -6.328502757478767e-06,
            3.764497618814408e-05,
            2.032147766751753e-06,
            -1.3808506372406382e-05,
            -1e-05,
            1.3357496890294834e-06,
            0.0
        ],
        [
            0.0001,
            0.0001,
            0.0001,
            0.0001,
            0.0001,
            0.0001,
            0.0001,
            0.0001,
            0.0001,
            0.0005694649755997552,
            0.0001,
            0.0001,
            0.0004542811698619155,
            0.0001,
            0.0001,
            0.0008081737206748953,
            0.0001,
            0.0001,
            0.001329426955405381,
            0.0001,
            0.0001,
            0.0001,
            0.0001,
            0.0001,
            0.0001,
            0.0001,
            0.0001,
            0.0001,
            0.0001,
            0.0001
        ],
        [
            21.53535903809478,
            21.07923582620098,
            20.62172918799628,
            20.16152844988118,
            19.69549646752225,
            19.22417578135554,
            18.74685063182334,
            18.26299973058389,
            17.771144681182353,
            17.270666647142725,
            16.757909091136394,
            16.233867075895414,
            15.697018481846603,
            15.142774113086556,
            14.57091119999517,
            13.978476699161426,
            13.359721773961509,
            12.712541405848988,
            12.030540217586434,
            11.30429609276832,
            10.524134673477121,
            9.673215536412277,
            8.72547277934155,
            7.634875740452681,
            6.302243809449435,
            4.411973313901801,
            0.0001,
            0.0001,
            0.0001,
            0.0001
        ]
    ],
    "bIsPerturbative": true,
    "UltraSoftTemp": 146.0,
    "failureReason": null
}