{
    "T": [
        100.0,
        102.0,
        104.0,
        106.0,
        108.0,
        110.0,
        112.0,
        114.0,
        116.0,
        118.0,
        120.0,
        122.0,
        124.0,
        126.0,
        128.0,
        130.0,
        132.0,
        134.0,
        136.0,
        138.0,
        140.0,
        142.0,
        144.0,
        146.0,
        148.0,
        150.0,
        152.0,
        154.0,
        156.0,
        158.0
    ],
    "vevDepthReal": [
        -729380.2272793708,
        -695329.9654223165,
        -662704.7248082343,
        -631495.4518807628,
        -601695.7341431451,
        -573301.5363914912,
        -546311.0982534273,
        -520724.76881958614,
        -496544.8958937031,
        -473775.7557928877,
        -452423.46870859904,
        -432495.98799073836,
        -414003.08099048893,
        -396956.3563367579,
        -381369.3162372329,
        -367257.46065745334,
        -354638.43953613506,
        -343532.2818449135,
        -333961.7192275097,
        -325952.69269310293,
        -319535.07247347484,
        -314743.8530091831,
        -311621.1400605488,
        -310219.9035483146,
        -310612.207671428,
        -312913.6473906543,
        -317468.09240284335,
        -323209.7216233173,
        -329158.4478101931,
        -335311.12484708324
    ],
    "vevDepthImag": [
        0.0,
        0.0,
        0.0,
        0.0,
        0.0,
        0.0,
        0.0,
        0.0,
        0.0,
        0.0,
        0.0,
        0.0,
        0.0,
        0.0,
        0.0,
        0.0,
        0.0,
        0.0,
        0.0,
        0.0,
        0.0,
        0.0,
        0.0,
        0.0,
        0.0,
        0.0,
        0.0,
        0.0,
        0.0,
        0.0
    ],
    "vevLocation": [
        [
            7.96179051741619e-06,
            -3.9727892777854934e-05,
            -2.4775333779467057e-06,
            -0.001179038838355656,
            -0.00014692542488599358,
            0.00031302239158803244,
            -0.00033411009104758645,
            0.00015407781967326055,
            -0.0002619925844297155,
            7.514285453954724e-05,
            -1.065274117750814e-06,
            1.0414043824208408e-05,
            -9.982428895996542e-05,
            -1.6396508955709294e-05,
            1.4182039785107237e-05,
            4.631992280570898e-05,
            -0.0003125164786907386,
            -1.3261795569222135e-05,
            0.0001328702106107582,
            1.9067419506302308e-05,
            1.2252033419965502e-06,
            0.00022577047289898053,
            -0.0003100053373091393,
            0.0004086611925944103,
            1.2428770907874087e-06,
            0.0006226176158990911,
            6.5157786728956e-07,
            6.5157786728956e-07,
            6.5157786728956e-07,
            6.5157786728956e-07
        ],
        [
            0.0001,
            0.0001,
            0.0001,
            0.0001,
            0.0004203026474304078,
            0.0001,
            0.0001,
            0.0001,
            0.0001,
            0.0001,
            0.0001,
            0.0001,
            0.0001,
            0.0001,
            0.0001,
            0.0001,
            0.0001,
            0.0001,
            0.0001,
            0.0001,
            0.0001,
            0.0001,
            0.0004917835968373492,
            0.0001,
            0.0001,
            0.0001,
            0.0001,
            0.0001,
            0.0001,
            0.0001
        ],
        [
            21.557280330411842,
            21.10322761214241,
            20.646355056534404,
            20.186100538461737,
            19.721315507985985,
            19.2516959014938,
            18.776109004443597,
            18.293695915359436,
            17.80444251833111,
            17.304416963690855,
            16.795131786300708,
            16.274036310769276,
            15.739184410009752,
            15.1897407187039,
            14.622215655379751,
            14.034552461092787,
            13.422541364235693,
            12.781395045798902,
            12.107929116826016,
            11.39067830517968,
            10.622444377486136,
            9.786856101103435,
            8.85964275548932,
            7.800731617234241,
            6.522483320962016,
            4.778231566767431,
            0.0001,
            0.0001,
            0.0001,
            0.0001
        ]
    ],
    "bIsPerturbative": [
        true,
        true,
        true,
        true,
        true,
        true,
        true,
        true,
        true,
        true,
        true,
        true,
        true,
        true,
        true,
        true,
        true,
        true,
        true,
        true,
        true,
        true,
        true,
        true,
        true,
        true,
        true,
        true,
        true,
        true
    ],
    "failureReason": false
}