{
    "T": [
        100.0,
        102.0,
        104.0,
        106.0,
        108.0,
        110.0,
        112.0,
        114.0,
        116.0,
        118.0,
        120.0,
        122.0,
        124.0,
        126.0,
        128.0,
        130.0,
        132.0,
        134.0,
        136.0,
        138.0,
        140.0,
        142.0,
        144.0,
        146.0,
        148.0,
        150.0,
        152.0,
        154.0,
        156.0,
        158.0
    ],
    "valueVeffReal": [
        -725586.8258259684,
        -691632.0660990165,
        -659102.4649366945,
        -627989.4896365535,
        -598287.1931927209,
        -569992.0636574322,
        -543102.7852253332,
        -517620.18933635263,
        -493547.09936405084,
        -470888.2434460941,
        -449650.2208443685,
        -429841.4834369165,
        -411472.2734703747,
        -394554.7133527765,
        -379102.85739538056,
        -365132.7534548235,
        -352662.68306341494,
        -341713.3303116515,
        -332308.18826701405,
        -324474.0523978302,
        -318241.86259808455,
        -313647.90528529586,
        -310736.0845204101,
        -309562.08213171206,
        -310202.9641783627,
        -312787.6470900388,
        -317658.1901053151,
        -323415.4581836731,
        -329378.99699418637,
        -335545.83021498873
    ],
    "valueVeffImag": [
        null,
        null,
        null,
        null,
        null,
        null,
        null,
        null,
        null,
        null,
        null,
        null,
        null,
        null,
        null,
        null,
        null,
        null,
        null,
        null,
        null,
        null,
        null,
        null,
        null,
        null,
        null,
        null,
        null,
        null
    ],
    "complex": false,
    "minimumLocation": [
        [
            -5.274877416019952e-05,
            3.465694237043265e-05,
            0.0004936071138707046,
            -0.0004147522214709709,
            -0.0012568749365215214,
            -2.0990393703929078e-05,
            -0.0007366672440443254,
            0.0007734811665892289,
            -6.236884183503932e-06,
            2.3878633082716205e-06,
            0.0003260865686360269,
            -9.502501477298697e-06,
            0.0003279900312382058,
            0.0009206272162839979,
            1.1757528814437812e-07,
            -0.00011681457595464576,
            -2.261437563459527e-05,
            2.962405214839564e-06,
            8.564315980119641e-06,
            0.00013968303867141485,
            -0.00018249409204620622,
            0.00016287345999807827,
            3.8321442068570133e-07,
            -0.0011386255802029177,
            0.0001350338156073036,
            0.0004593391235911473,
            1.165050808896173e-06,
            0.0,
            9.486639671996128e-07,
            0.0
        ],
        [
            0.0008793866284583472,
            0.0001,
            0.0001,
            0.0001,
            0.0001,
            0.0001,
            0.00022851583619840882,
            0.0001,
            0.0001,
            0.0001,
            0.001072090961430459,
            0.0001,
            0.0001,
            0.0001,
            0.0001,
            0.0008730943222471876,
            0.0001,
            0.0001,
            0.0001,
            0.0012101037254291455,
            0.0002698222133672061,
            0.0001,
            0.00017015547938230714,
            0.0001,
            0.0001,
            0.0001,
            0.0001,
            0.0001,
            0.0001,
            0.0001
        ],
        [
            21.54485430496425,
            21.088919519515485,
            20.63047019485376,
            20.16822027126768,
            19.702144099466153,
            19.23070654333764,
            18.752843983853506,
            18.267795166291336,
            17.775842533100665,
            17.273814360943028,
            16.761726395982674,
            16.23746794426473,
            15.699689505903702,
            15.146282704053762,
            14.573660553747361,
            13.981092022977483,
            13.36269615535063,
            12.715640232064194,
            12.033164991189313,
            11.308060246048646,
            10.528242855077487,
            9.678255685905146,
            8.731187254794245,
            7.641988819300616,
            6.311735721346589,
            4.428888255480294,
            0.0001,
            0.0001,
            0.0001,
            0.0001
        ]
    ],
    "bIsPerturbative": true,
    "UltraSoftTemp": 146.0,
    "failureReason": null
}