{
    "T": [
        100.0,
        102.0,
        104.0,
        106.0,
        108.0,
        110.0,
        112.0,
        114.0,
        116.0,
        118.0,
        120.0,
        122.0,
        124.0,
        126.0,
        128.0,
        130.0,
        132.0,
        134.0,
        136.0,
        138.0,
        140.0,
        142.0,
        144.0,
        146.0,
        148.0,
        150.0,
        152.0,
        154.0,
        156.0,
        158.0
    ],
    "valueVeffReal": [
        -724917.6452922532,
        -691031.085795331,
        -658568.6379867281,
        -627520.504701196,
        -597879.7062828182,
        -569641.8480714613,
        -542804.9695809662,
        -517369.4427832866,
        -493337.8238159607,
        -470714.7661832851,
        -449506.97795865574,
        -429723.1165350431,
        -411373.83148553263,
        -394471.7517660424,
        -379031.4957983755,
        -365069.7922561111,
        -352605.62803443,
        -341660.42151284893,
        -332258.38101584546,
        -324427.04262061307,
        -318197.9375114899,
        -313607.94819026976,
        -310701.44136736187,
        -309534.45586031454,
        -310184.3017264761,
        -312780.34603721,
        -317662.7856286389,
        -323420.7969697194,
        -329384.9389626901,
        -335552.36162903596
    ],
    "valueVeffImag": [
        null,
        null,
        null,
        null,
        null,
        null,
        null,
        null,
        null,
        null,
        null,
        null,
        null,
        null,
        null,
        null,
        null,
        null,
        null,
        null,
        null,
        null,
        null,
        null,
        null,
        null,
        null,
        null,
        null,
        null
    ],
    "complex": false,
    "minimumLocation": [
        [
            0.0008743330344438971,
            0.0003290125649586875,
            1.89539737542819e-05,
            -0.0009556939129484209,
            -0.0008280076824128749,
            0.00017988517189426734,
            -4.977960495279772e-05,
            6.535454374241578e-07,
            4.595670122964357e-05,
            0.00043923774624449186,
            2.43751454436468e-07,
            7.955662974198918e-05,
            -0.0002548412118303922,
            -0.0002675994598570902,
            5.991604320339e-05,
            0.00011666203224479236,
            -0.00027593478107246217,
            2.3277929382559126e-05,
            0.0004697150203829513,
            0.00024330139638554073,
            0.0003185580915177047,
            -0.00010504872024065526,
            8.895455615651193e-07,
            -6.328504179136697e-06,
            0.0006075618957597905,
            2.0321477582316044e-06,
            -2.0784683919021496e-05,
            -7.691281768737457e-06,
            1.3566836309202024e-06,
            0.0
        ],
        [
            0.0001,
            0.0001,
            0.0001,
            0.0001,
            0.0001,
            0.0001,
            0.0001,
            0.0001,
            0.0001,
            0.0005694649751636972,
            0.0001,
            0.0001,
            0.000454281163059823,
            0.0001,
            0.0001,
            0.0008081737188542477,
            0.0001,
            0.0001,
            0.001329426951915942,
            0.0001,
            0.0001,
            0.0003280827151062339,
            0.0001,
            0.0001,
            0.0001,
            0.0001,
            0.0001,
            0.0001,
            0.0001,
            0.0001
        ],
        [
            21.535359263046637,
            21.079235825961266,
            20.62172918804333,
            20.16152844988276,
            19.695663841932117,
            19.224175753246314,
            18.746850631818553,
            18.262999729805237,
            17.77114468117496,
            17.270666647141677,
            16.75790909871771,
            16.23386707590313,
            15.697018481847142,
            15.142774113081336,
            14.57091119989615,
            13.978476699167553,
            13.359721781775509,
            12.712541745034873,
            12.030540217599855,
            11.304084779322293,
            10.524134840816885,
            9.674174977897374,
            8.725472779276178,
            7.63487574043858,
            6.303971217903036,
            4.411973313867636,
            0.0001,
            0.0001,
            0.0001,
            0.0001
        ]
    ],
    "bIsPerturbative": true,
    "UltraSoftTemp": 146.0,
    "failureReason": null
}