{
    "T": [
        100.0,
        102.0,
        104.0,
        106.0,
        108.0,
        110.0,
        112.0,
        114.0,
        116.0,
        118.0,
        120.0,
        122.0,
        124.0,
        126.0,
        128.0,
        130.0,
        132.0,
        134.0,
        136.0,
        138.0,
        140.0,
        142.0,
        144.0,
        146.0,
        148.0,
        150.0,
        152.0,
        154.0,
        156.0,
        158.0
    ],
    "valueVeffReal": [
        -729377.4040604584,
        -695327.1353142579,
        -662701.9376198414,
        -631492.7211292908,
        -601693.1602790892,
        -573299.1286661975,
        -546308.885032306,
        -520722.77128482435,
        -496543.1342521765,
        -473774.238249712,
        -452422.197859066,
        -432494.96002370416,
        -414002.28595500084,
        -396955.7780190962,
        -381368.93373334175,
        -367257.2489562068,
        -354638.3700521541,
        -343532.3235675642,
        -333961.8420875478,
        -325952.8615339848,
        -319535.25919912674,
        -314744.0313508039,
        -311621.28931475256,
        -310220.0074258183,
        -310612.26138859236,
        -312913.66002374754,
        -317468.08272283303,
        -323209.7242802566,
        -329158.4563941794,
        -335311.1341019864
    ],
    "valueVeffImag": [
        0.0,
        0.0,
        0.0,
        0.0,
        0.0,
        0.0,
        0.0,
        0.0,
        0.0,
        0.0,
        0.0,
        0.0,
        0.0,
        0.0,
        0.0,
        0.0,
        0.0,
        0.0,
        0.0,
        0.0,
        0.0,
        0.0,
        0.0,
        0.0,
        0.0,
        0.0,
        0.0,
        0.0,
        0.0,
        0.0
    ],
    "minimumLocation": [
        [
            0.0009596728280855636,
            0.0005547969417732945,
            -6.001031442517263e-07,
            0.0015235307728028863,
            -0.0006569429780599774,
            -5.4052894555775555e-06,
            -1.1175733300283763e-05,
            0.0002850744710719104,
            -0.00014418232184021385,
            -2.6068879803546607e-06,
            2.5226681871939167e-05,
            2.566423163458814e-05,
            -0.00014080061227858542,
            -1.6398497533046813e-05,
            8.166491943031873e-05,
            4.521570494642191e-05,
            -0.00025844956885549554,
            -1.3294539829608598e-05,
            1.931134471507001e-06,
            -3.138845389598008e-05,
            -2.735626098912102e-05,
            1.4924453724501473e-06,
            0.0003129616091341811,
            3.342855834548644e-05,
            1.490086989969306e-06,
            1.1077101396972378e-06,
            7.162263791285484e-07,
            1.0801144363123513e-06,
            1.0801144363123513e-06,
            1.0801144363123513e-06
        ],
        [
            0.0002965156159470984,
            0.0001,
            0.0001,
            0.00122554760034157,
            0.0001,
            0.0001,
            0.0001,
            0.000510187900899195,
            0.0005879922596034383,
            0.0001,
            0.0001,
            0.0001,
            0.0001,
            0.0001,
            0.0001,
            0.0001,
            0.00034028851013814533,
            0.0001,
            0.0001,
            0.0001,
            0.0001,
            0.0001,
            0.0001,
            0.0001,
            0.0001,
            0.0001,
            0.0001,
            0.0001,
            0.0001,
            0.0001
        ],
        [
            21.556497532385855,
            21.103825624487666,
            20.64630272102644,
            20.188027251148714,
            19.72131976181901,
            19.251652931280034,
            18.776076397710113,
            18.293894638555784,
            17.804048627262944,
            17.304488295526145,
            16.795092880490493,
            16.273980275237427,
            15.739274143571498,
            15.189721214395954,
            14.622014107744667,
            14.034550713576042,
            13.421857750757237,
            12.781397402477142,
            12.106972281675755,
            11.390844207850837,
            10.622416440920592,
            9.786866604177314,
            8.86036692129055,
            7.801338866214624,
            6.522460937393964,
            4.777663110102856,
            0.0001,
            0.0001,
            0.0001,
            0.0001
        ]
    ],
    "bIsPerturbative": true,
    "badReason": ""
}