{
    "T": [
        100.0,
        102.0,
        104.0,
        106.0,
        108.0,
        110.0,
        112.0,
        114.0,
        116.0,
        118.0,
        120.0,
        122.0,
        124.0,
        126.0,
        128.0,
        130.0,
        132.0,
        134.0,
        136.0,
        138.0,
        140.0,
        142.0,
        144.0,
        146.0,
        148.0,
        150.0,
        152.0,
        154.0,
        156.0,
        158.0
    ],
    "valueVeffReal": [
        -629799.9850994059,
        -595488.8980560978,
        -562596.812787541,
        -531114.0831111711,
        -501033.8912870081,
        -472352.05275351513,
        -445066.85288117005,
        -419178.96884107264,
        -394691.24537369324,
        -371608.72108320554,
        -349938.5102689608,
        -329689.771302797,
        -310873.70275928965,
        -293503.5611481065,
        -277594.70348254615,
        -263164.70453505707,
        -250233.52249283568,
        -238823.74290130433,
        -228960.9614312573,
        -220674.36350047978,
        -213997.6039982311,
        -208970.28346254732,
        -205640.53137334518,
        -204070.1210743655,
        -204346.78413442388,
        -206628.98848476794,
        -211173.67506737463,
        -216272.13803747346,
        -221573.98475426948,
        -227075.74837178926
    ],
    "valueVeffImag": [
        null,
        null,
        null,
        null,
        null,
        null,
        null,
        null,
        null,
        null,
        null,
        null,
        null,
        null,
        null,
        null,
        null,
        null,
        null,
        null,
        null,
        null,
        null,
        null,
        null,
        null,
        null,
        null,
        null,
        null
    ],
    "complex": false,
    "minimumLocation": [
        [
            1.1247944403658394e-06,
            -0.0006116299599474677,
            0.0007739601661465494,
            -0.000223736037069566,
            -4.3037568594221295e-06,
            -0.0003413392665285314,
            0.0015766265518346728,
            -3.3200209619277388e-06,
            -6.544103104272336e-07,
            4.4445321260684015e-06,
            -0.0003611791845359695,
            -0.00010579142688404986,
            0.00011964734349868833,
            8.566227571599671e-05,
            -0.00012826370185203828,
            -6.0847352113597986e-05,
            -6.169579927869928e-06,
            9.470235176182139e-05,
            0.00029932292580521144,
            4.4479848851863846e-05,
            -1.9592982501023815e-05,
            -0.0003407001070416804,
            2.115367279504482e-05,
            7.06980345819017e-05,
            0.00023401231815656709,
            -0.0004080136410125352,
            -6.816547852324471e-06,
            1.3455176031122434e-06,
            0.0,
            0.0
        ],
        [
            0.0001,
            0.0006116054183669291,
            0.0001,
            0.0009253226259479879,
            0.0001,
            0.00037322897075289796,
            0.0001,
            0.0001,
            0.0001,
            0.0001,
            0.0001,
            0.0001,
            0.0001,
            0.00045485179008508247,
            0.0001,
            0.0001,
            0.0001,
            0.0002623847626311501,
            0.0005229734796795559,
            0.0001,
            0.0001,
            0.0001,
            0.0001,
            0.0001,
            0.0001,
            0.0001,
            0.0001,
            0.0001,
            0.0001,
            0.0001
        ],
        [
            21.53277381829507,
            21.07750003163554,
            20.619010230252464,
            20.15705014573846,
            19.690414977872415,
            19.218603172219016,
            18.7394363939861,
            18.255020679452215,
            17.761391684333628,
            17.258258584051838,
            16.74447376603121,
            16.217834715274705,
            15.67719948538625,
            15.120173730039456,
            14.544725717918295,
            13.94653667433869,
            13.322755852274732,
            12.668466284940495,
            11.977298848616776,
            11.240461696114059,
            10.446650581434362,
            9.575836823440902,
            8.601895960148074,
            7.46893457928366,
            6.059816868837059,
            3.903223780308944,
            0.0001,
            0.0001,
            0.0001,
            0.0001
        ]
    ],
    "bIsPerturbative": true,
    "UltraSoftTemp": 138.0,
    "failureReason": null
}