{
    "T": [
        100.0,
        102.0,
        104.0,
        106.0,
        108.0,
        110.0,
        112.0,
        114.0,
        116.0,
        118.0,
        120.0,
        122.0,
        124.0,
        126.0,
        128.0,
        130.0,
        132.0,
        134.0,
        136.0,
        138.0,
        140.0,
        142.0,
        144.0,
        146.0,
        148.0,
        150.0,
        152.0,
        154.0,
        156.0,
        158.0
    ],
    "valueVeffReal": [
        -725586.8258263548,
        -691632.0660990146,
        -659102.4649367216,
        -627989.4896365695,
        -598287.1931927232,
        -569992.0636589134,
        -543102.7852253361,
        -517620.18933635135,
        -493547.09936404973,
        -470888.2434460929,
        -449650.22404789756,
        -429841.4834369154,
        -411472.2734704623,
        -394554.6964420262,
        -379102.85739538015,
        -365132.7534548229,
        -352662.68306339905,
        -341713.33031165716,
        -332308.188267014,
        -324474.0523978312,
        -318241.86259810615,
        -313647.9052852953,
        -310736.08452041,
        -309562.08213177416,
        -310202.9641729505,
        -312787.64825009403,
        -317658.19010531524,
        -323415.4581836731,
        -329378.9969941862,
        -335545.83021498873
    ],
    "valueVeffImag": [
        null,
        null,
        null,
        null,
        null,
        null,
        null,
        null,
        null,
        null,
        null,
        null,
        null,
        null,
        null,
        null,
        null,
        null,
        null,
        null,
        null,
        null,
        null,
        null,
        null,
        null,
        null,
        null,
        null,
        null
    ],
    "complex": false,
    "minimumLocation": [
        [
            -5.255183427516075e-05,
            3.465724602903786e-05,
            0.0004935979033502749,
            -0.0004147496845918752,
            -0.0012568746753279444,
            -2.133687293182779e-05,
            -0.0007366670154080306,
            0.0007734811710161703,
            -6.23688585598553e-06,
            2.38786182105849e-06,
            0.0005663047351129047,
            -9.50250477993464e-06,
            0.0003279702517725259,
            -1.187994881778065e-05,
            1.1757552176305808e-07,
            -0.00011681457732626516,
            -2.2622553908543085e-05,
            2.9536379005587476e-06,
            8.56431560442017e-06,
            0.00013968302362409035,
            -0.00018252781529167362,
            0.00016287345165599647,
            3.8321383188065494e-07,
            -0.0011386205724925012,
            0.00013814271332101072,
            2.0203594395961158e-05,
            1.165079376287681e-06,
            0.0,
            9.486626111231204e-07,
            0.0
        ],
        [
            0.0008794087123703675,
            0.0001,
            0.0001,
            0.0001,
            0.0001,
            0.0001,
            0.00022851519410402015,
            0.0001,
            0.0001,
            0.0001,
            0.0001,
            0.0001,
            0.0001,
            0.0001,
            0.0001,
            0.0008730943195396925,
            0.0001,
            0.0001,
            0.0001,
            0.0012101036520571747,
            0.00026979478899139773,
            0.0001,
            0.00017015547797322484,
            0.0001,
            0.0001,
            0.0001,
            0.0001,
            0.0001,
            0.0001,
            0.0001
        ],
        [
            21.544854187269365,
            21.088919519919532,
            20.630470178638102,
            20.168220273763758,
            19.702144099564197,
            19.23070380565905,
            18.75284398429382,
            18.267795166317466,
            17.775842533102196,
            17.273814360985543,
            16.762418018790136,
            16.237467944206422,
            15.69968949349877,
            15.142581307573018,
            14.573660553745977,
            13.98109202298997,
            13.362696100813011,
            12.715640281581118,
            12.033164991196795,
            11.30806024594938,
            10.52824272907965,
            9.678255686887208,
            8.731187254795723,
            7.641988812914841,
            6.311733255766683,
            4.428879752283163,
            0.0001,
            0.0001,
            0.0001,
            0.0001
        ]
    ],
    "bIsPerturbative": true,
    "UltraSoftTemp": 146.0,
    "failureReason": null
}