{
    "T": [
        100.0,
        102.0,
        104.0,
        106.0,
        108.0,
        110.0,
        112.0,
        114.0,
        116.0,
        118.0,
        120.0,
        122.0,
        124.0,
        126.0,
        128.0,
        130.0,
        132.0,
        134.0,
        136.0,
        138.0,
        140.0,
        142.0,
        144.0,
        146.0,
        148.0,
        150.0,
        152.0,
        154.0,
        156.0,
        158.0
    ],
    "valueVeffReal": [
        -729377.3120871636,
        -695327.049876043,
        -662701.8519524373,
        -631492.6355506722,
        -601693.0777298368,
        -573299.0522275167,
        -546308.8118036431,
        -520722.7024269365,
        -496543.06739099475,
        -473774.17457614944,
        -452422.13755136123,
        -432494.90301813674,
        -414002.2326362105,
        -396955.723070618,
        -381368.887440115,
        -367257.2062371868,
        -354638.3321070787,
        -343532.28856179287,
        -333961.81080318213,
        -325952.8346411658,
        -319535.23668917915,
        -314744.0055372992,
        -311621.2755446841,
        -310219.9998559551,
        -310612.25863346754,
        -312913.6503982425,
        -317468.09248632076,
        -323209.73523656296,
        -329158.4680528119,
        -335311.14646692376
    ],
    "valueVeffImag": [
        0.0,
        0.0,
        0.0,
        0.0,
        0.0,
        0.0,
        0.0,
        0.0,
        0.0,
        0.0,
        0.0,
        0.0,
        0.0,
        0.0,
        0.0,
        0.0,
        0.0,
        0.0,
        0.0,
        0.0,
        0.0,
        0.0,
        0.0,
        0.0,
        0.0,
        0.0,
        0.0,
        0.0,
        0.0,
        0.0
    ],
    "complex": false,
    "minimumLocation": [
        [
            0.0009649736005815021,
            1.0253456456185348e-05,
            -6.001319758594005e-07,
            -0.0026456035800143107,
            0.0006574697468029536,
            0.00010843277732142803,
            -8.065727010505425e-06,
            -0.00028165070889104443,
            -0.00014418614306277444,
            7.514448120226648e-05,
            1.914789101979534e-05,
            -0.00011153329566838954,
            -5.751215575389157e-05,
            0.0006920636216980192,
            1.6562120672830583e-06,
            4.498743790120989e-05,
            -3.371070825264333e-06,
            -1.326555491383552e-05,
            9.514805566600629e-05,
            -0.00016173369368456536,
            -0.00012696391129143284,
            0.0005458492914117354,
            0.0003018677201204068,
            1.706969073717035e-05,
            1.2017200203755067e-06,
            0.0013272339544781464,
            -0.00029499578213494203,
            1.0875406894795018e-06,
            0.0,
            0.0
        ],
        [
            0.0002995035916337249,
            0.0001,
            0.0001,
            0.0001,
            0.0001,
            0.0001,
            0.0001,
            0.0001,
            0.0005880716823600991,
            0.0001,
            0.0001,
            0.0001,
            0.0001,
            0.00045709365380044,
            0.0001,
            0.0001,
            0.0001,
            0.0001,
            0.00019026815125917795,
            0.0001,
            0.0001,
            0.0001,
            0.00039036005568020103,
            0.0001,
            0.0001,
            0.0007692461424586249,
            0.0001,
            0.0001,
            0.0001,
            0.0001
        ],
        [
            21.556488304808795,
            21.103186625840685,
            20.64630141160576,
            20.186984827666915,
            19.722190583456428,
            19.251588881691806,
            18.77607944504916,
            18.2935936308418,
            17.80404722000428,
            17.30437823788943,
            16.795092349500354,
            16.273988984793082,
            15.739788328100236,
            15.190496667924535,
            14.622167000491757,
            14.03455036996091,
            13.422002394359493,
            12.781395577790182,
            12.106627705743678,
            11.390743817954718,
            10.62241206592673,
            9.784403894954886,
            8.86002166114861,
            7.800209736941179,
            6.522486270107975,
            4.77746605709206,
            0.0001,
            0.0001,
            0.0001,
            0.0001
        ]
    ],
    "bIsPerturbative": true,
    "badReason": ""
}