{
    "T": [
        100.0,
        102.0,
        104.0,
        106.0,
        108.0,
        110.0,
        112.0,
        114.0,
        116.0,
        118.0,
        120.0,
        122.0,
        124.0,
        126.0,
        128.0,
        130.0,
        132.0,
        134.0,
        136.0,
        138.0,
        140.0,
        142.0,
        144.0,
        146.0,
        148.0,
        150.0,
        152.0,
        154.0,
        156.0,
        158.0
    ],
    "valueVeffReal": [
        -629799.9850994046,
        -595488.8980508149,
        -562596.814102866,
        -531114.0831106754,
        -501033.8912047593,
        -472352.05354299175,
        -445066.8528811697,
        -419178.9623818273,
        -394691.2420633119,
        -371608.7210832659,
        -349938.51026896026,
        -329689.77130279684,
        -310873.70275928866,
        -293503.56114810257,
        -277594.7008133273,
        -263164.70453505643,
        -250233.52249281702,
        -238823.74290130375,
        -228960.96240125204,
        -220674.36350047958,
        -213997.60399823153,
        -208970.28346225581,
        -205640.531373345,
        -204070.1210743653,
        -204346.7866457112,
        -206628.98848476794,
        -211173.67506737454,
        -216272.13803747337,
        -221573.98475426948,
        -227075.74837178932
    ],
    "valueVeffImag": [
        null,
        null,
        null,
        null,
        null,
        null,
        null,
        null,
        null,
        null,
        null,
        null,
        null,
        null,
        null,
        null,
        null,
        null,
        null,
        null,
        null,
        null,
        null,
        null,
        null,
        null,
        null,
        null,
        null,
        null
    ],
    "complex": false,
    "minimumLocation": [
        [
            1.1247954131432536e-06,
            -0.0006123164197839141,
            0.00022586699778974083,
            -0.0002237381850644892,
            0.0001107444314429884,
            -1.5755524638511563e-05,
            0.0015766265458968115,
            -0.0006765906420359291,
            -0.0006118208695727254,
            4.622437497087519e-06,
            -0.0003611790849798128,
            -0.00010579139155503237,
            0.00011964781553062444,
            8.567615248445965e-05,
            -0.0008727795371592205,
            -6.0847371110651916e-05,
            -6.186053777015865e-06,
            9.470235172432404e-05,
            -1.5927105060107097e-05,
            4.447984888539258e-05,
            -1.9593018038999155e-05,
            -0.0003407596984651706,
            2.1153671748647476e-05,
            7.069803456388052e-05,
            -2.7115140961474563e-05,
            -0.00040801360135991633,
            -6.8165474771068185e-06,
            1.3454864212555014e-06,
            0.0,
            0.0
        ],
        [
            0.0001,
            0.0006122809407496264,
            0.0001,
            0.0009254065896216762,
            0.0001,
            0.0001,
            0.0001,
            0.0012172091922871778,
            0.0001,
            0.0001,
            0.0001,
            0.0001,
            0.0001,
            0.0004548508273782958,
            0.0001,
            0.0001,
            0.0001,
            0.0002623847626242816,
            0.00016637912151951445,
            0.0001,
            0.0001,
            0.0001,
            0.0001,
            0.0001,
            0.0001,
            0.0001,
            0.0001,
            0.0001,
            0.0001,
            0.0001
        ],
        [
            21.53277381829741,
            21.077499990597012,
            20.619357715508492,
            20.157050137397402,
            19.690503524920747,
            19.2183642850441,
            18.739436393995657,
            18.25509440463467,
            17.762199375848578,
            17.258259047445875,
            16.744473765803082,
            16.217834715453566,
            15.677199485105408,
            15.120173732830935,
            14.544750375257781,
            13.946536674330073,
            13.322755771427989,
            12.668466284938669,
            11.977671692170057,
            11.24046169611515,
            10.446650580545771,
            9.575836689099187,
            8.601895960147786,
            7.4689345792770405,
            6.055149209104608,
            3.9032237802796597,
            0.0001,
            0.0001,
            0.0001,
            0.0001
        ]
    ],
    "bIsPerturbative": true,
    "UltraSoftTemp": 138.0,
    "failureReason": null
}