{
    "T": [
        100.0,
        102.0,
        104.0,
        106.0,
        108.0,
        110.0,
        112.0,
        114.0,
        116.0,
        118.0,
        120.0,
        122.0,
        124.0,
        126.0,
        128.0,
        130.0,
        132.0,
        134.0,
        136.0,
        138.0,
        140.0,
        142.0,
        144.0,
        146.0,
        148.0,
        150.0,
        152.0,
        154.0,
        156.0,
        158.0
    ],
    "valueVeffReal": [
        -725595.2560934101,
        -691640.5203418076,
        -659110.7975847146,
        -627997.5602276938,
        -598294.8830924736,
        -569999.2503259081,
        -543109.3866122944,
        -517626.1413939626,
        -493552.3439821799,
        -470892.7590549634,
        -449653.99917419185,
        -429844.5325874776,
        -411474.6321410217,
        -394556.4298800744,
        -379103.98658600583,
        -365133.3804107697,
        -352662.8845107072,
        -341713.2041325583,
        -332307.8294814838,
        -324473.5631521502,
        -318241.30232053506,
        -313647.3879000069,
        -310735.65890095866,
        -309561.78972854174,
        -310202.8197935205,
        -312787.6292849619,
        -317658.2186427437,
        -323415.44911693654,
        -329378.9708469652,
        -335545.80207707937
    ],
    "valueVeffImag": [
        null,
        null,
        null,
        null,
        null,
        null,
        null,
        null,
        null,
        null,
        null,
        null,
        null,
        null,
        null,
        null,
        null,
        null,
        null,
        null,
        null,
        null,
        null,
        null,
        null,
        null,
        null,
        null,
        null,
        null
    ],
    "complex": false,
    "minimumLocation": [
        [
            3.608198538937457e-06,
            -0.00020664877440700145,
            -0.0001913278312715707,
            -5.528511383343093e-07,
            -4.402790310442661e-06,
            -1.1942529485664544e-05,
            -0.0008664647629342184,
            0.00041119645994952547,
            -0.00027473262275758137,
            4.5533937640188094e-07,
            0.0003380409198078145,
            -5.122880973618127e-05,
            1.4342278883416881e-06,
            -0.0002258736456184629,
            2.2527988985387992e-07,
            -3.492610740138402e-05,
            0.00028458395383163405,
            -5.206797640613936e-07,
            6.3252256454343625e-06,
            -4.6389537534941017e-07,
            -0.00016286283412955682,
            -0.00012395491343763013,
            0.00020439210638381958,
            0.00012858970828107455,
            1.4362233332594967e-06,
            0.0002825619531319438,
            6.918663823239114e-05,
            7e-05,
            4.136466795760861e-06,
            0.0
        ],
        [
            0.0001,
            0.0001,
            0.0001,
            0.0001,
            0.0001,
            0.0001,
            0.0001,
            0.0001,
            0.0001,
            0.0001,
            0.001000975473861629,
            0.00016644573934280796,
            0.0001,
            0.00027952876158220363,
            0.0001,
            0.0001,
            0.0001,
            0.0001,
            0.0001,
            0.0001,
            0.0015934659464699543,
            0.0001,
            0.0001,
            0.001121776421785229,
            0.0001,
            0.0001,
            0.0001,
            0.0001,
            0.0001,
            0.0001
        ],
        [
            21.54457393535642,
            21.089062420346774,
            20.630880556464923,
            20.168744889441633,
            19.702345005495385,
            19.230775118634178,
            18.75334117575359,
            18.268594942638114,
            17.775383955115696,
            17.274094633104273,
            16.761803142753507,
            16.236471622878074,
            15.699457505896818,
            15.145315537026827,
            14.573703296881282,
            13.980191643318186,
            13.362523054230477,
            12.715761609001413,
            12.033307746725352,
            11.307857043160356,
            10.5287599617253,
            9.678111335264123,
            8.73136268731921,
            7.640802972161206,
            6.312032404724368,
            4.426891466497236,
            0.00013898526337701583,
            0.00011,
            0.0001,
            0.0001
        ]
    ],
    "bIsPerturbative": true,
    "UltraSoftTemp": 146.0,
    "failureReason": null
}