{
    "T": [
        100.0,
        102.0,
        104.0,
        106.0,
        108.0,
        110.0,
        112.0,
        114.0,
        116.0,
        118.0,
        120.0,
        122.0,
        124.0,
        126.0,
        128.0,
        130.0,
        132.0,
        134.0,
        136.0,
        138.0,
        140.0,
        142.0,
        144.0,
        146.0,
        148.0,
        150.0,
        152.0,
        154.0,
        156.0,
        158.0
    ],
    "vevDepthReal": [
        -729377.4115825888,
        -695327.1353142428,
        -662701.9376198421,
        -631492.721131675,
        -601693.1602791207,
        -573299.1286661982,
        -546308.8850323065,
        -520722.77128482494,
        -496543.1342521772,
        -473774.2382497122,
        -452422.19785906665,
        -432494.9600237045,
        -414002.2859550013,
        -396955.7780190965,
        -381368.93373334204,
        -367257.2489562066,
        -354638.3699965571,
        -343532.3235675643,
        -333961.8420875469,
        -325952.861534034,
        -319535.2591927626,
        -314744.03135080397,
        -311621.28933731973,
        -310220.0074251415,
        -310612.2613885922,
        -312913.66002374777,
        -317468.0827228332,
        -323209.7242802566,
        -329158.4563941794,
        -335311.1341019862
    ],
    "vevDepthImag": [
        0.0,
        0.0,
        0.0,
        0.0,
        0.0,
        0.0,
        0.0,
        0.0,
        0.0,
        0.0,
        0.0,
        0.0,
        0.0,
        0.0,
        0.0,
        0.0,
        0.0,
        0.0,
        0.0,
        0.0,
        0.0,
        0.0,
        0.0,
        0.0,
        0.0,
        0.0,
        0.0,
        0.0,
        0.0,
        0.0
    ],
    "vevLocation": [
        [
            -4.4198900983283274e-05,
            0.0005547981054217985,
            -6.001028637452055e-07,
            0.0015230520353499248,
            -0.0006569384482313645,
            -5.4038038032021285e-06,
            -1.1175699257719857e-05,
            0.0002850744677425805,
            -0.00014418232245705376,
            -2.606887615653336e-06,
            2.522630543437944e-05,
            2.566423121385525e-05,
            -0.0001408007028661784,
            -1.6398489034927938e-05,
            8.166501635525902e-05,
            4.5215708476179124e-05,
            -0.0002622034514398215,
            -1.3294540473440808e-05,
            1.9331327787055347e-06,
            -3.1266731511176565e-05,
            -2.5118692676906473e-05,
            1.492458828422161e-06,
            0.0003073529142807556,
            3.3449408738723055e-05,
            1.490534745185023e-06,
            1.1078892986349231e-06,
            7.882732564711004e-07,
            1.0801070911233056e-06,
            1.0801070911233056e-06,
            1.0801070911233056e-06
        ],
        [
            0.0001,
            0.0001,
            0.0001,
            0.001225301812461638,
            0.0001,
            0.0001,
            0.0001,
            0.0005101879022513473,
            0.0005879922632824053,
            0.0001,
            0.0001,
            0.0001,
            0.0001,
            0.0001,
            0.0001,
            0.0001,
            0.00035698971394838706,
            0.0001,
            0.0001,
            0.0001,
            0.0001,
            0.0001,
            0.0001,
            0.0001,
            0.0001,
            0.0001,
            0.0001,
            0.0001,
            0.0001,
            0.0001
        ],
        [
            21.557191177686352,
            21.103825626226453,
            20.646302721027606,
            20.1880277156131,
            19.721319759947047,
            19.251652934216146,
            18.776076397755737,
            18.293894638558207,
            17.80404862726321,
            17.304488295435714,
            16.795092880187998,
            16.273980275231356,
            15.73927414355163,
            15.189721214394428,
            14.622014107888058,
            14.034550713550782,
            13.421886763424483,
            12.78139740247642,
            12.10697228750596,
            11.39084418670432,
            10.622376273266955,
            9.786866604189866,
            8.860360240692486,
            7.80133942187536,
            6.522460935642736,
            4.777663093743253,
            0.0001,
            0.0001,
            0.0001,
            0.0001
        ]
    ],
    "bIsPerturbative": [
        true,
        true,
        true,
        true,
        true,
        true,
        true,
        true,
        true,
        true,
        true,
        true,
        true,
        true,
        true,
        true,
        true,
        true,
        true,
        true,
        true,
        true,
        true,
        true,
        true,
        true,
        true,
        true,
        true,
        true
    ],
    "bIsBounded": []
}