{
    "T": [
        50.0,
        60.0,
        70.0,
        80.0,
        90.0
    ],
    "valueVeffReal": [
        -2056173.8807650446,
        -1635978.9152824737,
        -1296796.85071427,
        -1015204.2090540406,
        -778935.7272224369
    ],
    "valueVeffImag": [
        null,
        null,
        null,
        null,
        null
    ],
    "complex": false,
    "minimumLocation": [
        [
            1e-06,
            1e-06,
            1e-06,
            1e-06,
            1e-06
        ],
        [
            1e-06,
            1e-06,
            1e-06,
            1e-06,
            1e-06
        ],
        [
            33.98620193337722,
            30.964176494313076,
            28.335503318790302,
            25.893653539322276,
            23.601127553940714
        ]
    ],
    "bIsPerturbative": true,
    "UltraSoftTemp": null,
    "failureReason": null
}