{
    "T": [
        100.0,
        102.0,
        104.0,
        106.0,
        108.0,
        110.0,
        112.0,
        114.0,
        116.0,
        118.0,
        120.0,
        122.0,
        124.0,
        126.0,
        128.0,
        130.0,
        132.0,
        134.0,
        136.0,
        138.0,
        140.0,
        142.0,
        144.0,
        146.0,
        148.0,
        150.0,
        152.0,
        154.0,
        156.0,
        158.0,
        160.0,
        162.0
    ],
    "valueVeffReal": [
        -6431072.233210902,
        -6402232.709148002,
        -6374768.471926816,
        -6348662.768993964,
        -6323901.492949104,
        -6300473.006572004,
        -6278367.94731072,
        -6257579.099144677,
        -6238101.253700633,
        -6219931.092999782,
        -6203067.105300286,
        -6187509.500036487,
        -6173260.165536125,
        -6160322.620323278,
        -6148701.97839263,
        -6138404.971320662,
        -6129439.969232376,
        -6121817.078175861,
        -6115548.158976501,
        -6110647.095165599,
        -6107129.986484551,
        -6105015.538283908,
        -6104325.6286292365,
        -6105086.3572112955,
        -6107329.353694527,
        -6111094.948337968,
        -6116438.207070973,
        -6123445.731105775,
        -6132327.551341167,
        -6143035.792590063,
        -6154045.970976804,
        -6165332.153536867
    ],
    "valueVeffImag": [
        null,
        null,
        null,
        null,
        null,
        null,
        null,
        null,
        null,
        null,
        null,
        null,
        null,
        null,
        null,
        null,
        null,
        null,
        null,
        null,
        null,
        null,
        null,
        null,
        null,
        null,
        null,
        null,
        null,
        null,
        null,
        null
    ],
    "complex": false,
    "minimumLocation": [
        [
            -0.00033340828132774917,
            9.035623638447535e-06,
            5.883655870693596e-06,
            8.677053186453544e-06,
            1.2957780880998526e-05,
            1.9701889781565058e-05,
            3.0206735592427697e-05,
            -0.0001491640374938816,
            5.937184651527309e-05,
            -7.211388555986584e-05,
            -1.9697718892548732e-06,
            -7.079273158211441e-05,
            1.2448653693540677e-05,
            -2.61389349615293e-05,
            -4.849542898076407e-05,
            2.7463614724689803e-05,
            -5.412656761433698e-05,
            -3.658652959267095e-05,
            -3.7057005416170396e-05,
            1.614248057359407e-05,
            -5.343106358160827e-06,
            0.00015284857265101918,
            3.0100290224851177e-05,
            -0.00016842197000014898,
            2.4748988140581296e-05,
            -7.49791565158075e-05,
            -0.0001374102238095703,
            0.0002675937296000514,
            0.0005652635059003597,
            3.856011473665766e-11,
            -8.439394180714821e-08,
            1.7212920823285824e-14
        ],
        [
            0.0001,
            0.0001,
            0.0001,
            0.0001,
            0.0001,
            0.0001,
            0.0001,
            0.0001,
            0.0001,
            0.0001,
            0.00010588543247203534,
            0.0001,
            0.0001,
            0.0001,
            0.0001,
            0.0001,
            0.0001,
            0.0001,
            0.0001,
            0.0001,
            0.0001,
            0.0001,
            0.0001,
            0.0001,
            0.0001,
            0.0001,
            0.0001,
            0.0001,
            0.0001,
            0.0001,
            0.0001,
            0.0001
        ],
        [
            21.763819461144642,
            21.335023328033913,
            20.904258788363133,
            20.471626581954474,
            20.03651790982369,
            19.598297818183212,
            19.156322995190116,
            18.7101815662389,
            18.258459494034497,
            17.80020226787012,
            17.33520433499088,
            16.862269565664725,
            16.380275618000155,
            15.88731532245246,
            15.38319325745721,
            14.8644500630701,
            14.328803451512016,
            13.778589376948165,
            13.205690382694673,
            12.60673010660384,
            11.978705421958274,
            11.313505315327834,
            10.600218667232264,
            9.83939540841957,
            8.994158718666757,
            8.044839240133552,
            6.922759861201594,
            5.462231604511052,
            0.0001,
            0.0001,
            0.0001,
            0.0001
        ]
    ],
    "bIsPerturbative": true,
    "UltraSoftTemp": 154.0,
    "failureReason": null
}