{
    "T": [
        100.0,
        102.0,
        104.0,
        106.0,
        108.0,
        110.0,
        112.0,
        114.0,
        116.0,
        118.0,
        120.0,
        122.0,
        124.0,
        126.0,
        128.0,
        130.0,
        132.0,
        134.0,
        136.0,
        138.0,
        140.0,
        142.0,
        144.0,
        146.0,
        148.0,
        150.0,
        152.0,
        154.0,
        156.0,
        158.0,
        160.0,
        162.0
    ],
    "valueVeffReal": [
        -6431072.235544633,
        -6402232.711370019,
        -6374768.4740930535,
        -6348662.771050218,
        -6323901.494925544,
        -6300473.008466126,
        -6278367.949111896,
        -6257579.100876714,
        -6238101.255339885,
        -6219931.094564045,
        -6203067.106764704,
        -6187509.50134919,
        -6173260.166834902,
        -6160322.621565101,
        -6148701.979542915,
        -6138404.972394434,
        -6129439.970248614,
        -6121817.079107209,
        -6115548.159829763,
        -6110647.095957816,
        -6107129.987198689,
        -6105015.538921403,
        -6104325.629197541,
        -6105086.357708015,
        -6107329.35411567,
        -6111094.948685904,
        -6116438.207319637,
        -6123445.73131139,
        -6132327.551414333,
        -6143035.79265542,
        -6154045.971035573,
        -6165332.153590034
    ],
    "valueVeffImag": [
        null,
        null,
        null,
        null,
        null,
        null,
        null,
        null,
        null,
        null,
        null,
        null,
        null,
        null,
        null,
        null,
        null,
        null,
        null,
        null,
        null,
        null,
        null,
        null,
        null,
        null,
        null,
        null,
        null,
        null,
        null,
        null
    ],
    "complex": false,
    "minimumLocation": [
        [
            0.0003334084849549332,
            -9.035628725861776e-06,
            -5.8836459556259e-06,
            -8.677040857765696e-06,
            -1.2957762243415784e-05,
            -1.9701862571704798e-05,
            -3.020669594105274e-05,
            0.00014916401421543343,
            -5.937191517552153e-05,
            7.21139237823256e-05,
            -1.973493684054306e-06,
            7.731636957931769e-05,
            -1.2450421431194796e-05,
            2.6138933381435496e-05,
            -4.849539949317288e-05,
            2.7463613781832032e-05,
            -5.412656779885789e-05,
            -3.6586535479684375e-05,
            -3.705700537205616e-05,
            1.614246374388468e-05,
            -5.3431056978332775e-06,
            0.00015284497612997987,
            3.010028799929935e-05,
            -0.0001684222319720723,
            2.474898641294937e-05,
            7.497960739760896e-05,
            -0.00013819847884478736,
            0.00026767963275389035,
            -0.0005652635488746505,
            3.85603393833478e-11,
            7.58233487486275e-18,
            4.041777710182399e-17
        ],
        [
            0.0001,
            0.0001,
            0.0001,
            0.0001,
            0.0001,
            0.0001,
            0.0001,
            0.0001,
            0.0001,
            0.0001,
            0.00010589643779481297,
            0.0001,
            0.0001,
            0.0001,
            0.0001,
            0.0001,
            0.0001,
            0.0001,
            0.0001,
            0.0001,
            0.0001,
            0.0001,
            0.0001,
            0.0001,
            0.0001,
            0.0001,
            0.0001,
            0.0001,
            0.0001,
            0.0001,
            0.0001,
            0.0001
        ],
        [
            21.763819486607193,
            21.33502336043337,
            20.90425882122282,
            20.471626614437852,
            20.03651794240558,
            19.598297850832452,
            19.156323027773063,
            18.710181599276748,
            18.2584595256428,
            17.80020229882614,
            17.33520440150807,
            16.862333221321688,
            16.380275627973102,
            15.887315356263079,
            15.383193291190059,
            14.864450097170463,
            14.328803486712683,
            13.778589412449238,
            13.205690419935882,
            12.606730144208582,
            11.978705460535412,
            11.313505379077005,
            10.600218709650427,
            9.839395447354347,
            8.994158764744347,
            8.044839269778526,
            6.9227685812370225,
            5.462238022725295,
            0.0001,
            0.0001,
            0.0001,
            0.0001
        ]
    ],
    "bIsPerturbative": true,
    "UltraSoftTemp": 154.0,
    "failureReason": null
}