{
    "T": [
        100.0,
        102.0,
        104.0,
        106.0,
        108.0,
        110.0,
        112.0,
        114.0,
        116.0,
        118.0,
        120.0,
        122.0,
        124.0,
        126.0,
        128.0,
        130.0,
        132.0,
        134.0,
        136.0,
        138.0,
        140.0,
        142.0,
        144.0,
        146.0,
        148.0,
        150.0,
        152.0,
        154.0,
        156.0,
        158.0,
        160.0,
        162.0
    ],
    "valueVeffReal": [
        -6431072.235544634,
        -6402232.711370017,
        -6374768.474093053,
        -6348662.771050213,
        -6323901.4949255455,
        -6300473.008466127,
        -6278367.949111897,
        -6257579.100876713,
        -6238101.255339886,
        -6219931.094564044,
        -6203067.106764703,
        -6187509.501349209,
        -6173260.1668349,
        -6160322.621565101,
        -6148701.979542915,
        -6138404.972394434,
        -6129439.970248612,
        -6121817.079107209,
        -6115548.159829763,
        -6110647.095957816,
        -6107129.98719869,
        -6105015.538921405,
        -6104325.629197539,
        -6105086.357708015,
        -6107329.35411567,
        -6111094.948685904,
        -6116438.207319636,
        -6123445.731311394,
        -6132327.551414332,
        -6143035.79265542,
        -6154045.971035572,
        -6165332.153590034
    ],
    "valueVeffImag": [
        null,
        null,
        null,
        null,
        null,
        null,
        null,
        null,
        null,
        null,
        null,
        null,
        null,
        null,
        null,
        null,
        null,
        null,
        null,
        null,
        null,
        null,
        null,
        null,
        null,
        null,
        null,
        null,
        null,
        null,
        null,
        null
    ],
    "complex": false,
    "minimumLocation": [
        [
            0.00033340850400303895,
            -9.035628600534401e-06,
            -5.883646741586891e-06,
            -8.67704083469813e-06,
            -1.2957762054646482e-05,
            -1.9701862786111117e-05,
            -3.0206695817293095e-05,
            0.00014916401416190556,
            -5.937191514871539e-05,
            7.211392424758792e-05,
            1.973509716203005e-06,
            -7.731406028168176e-05,
            1.2450422197501844e-05,
            -2.613893373967259e-05,
            -4.849539986762682e-05,
            2.746361396279676e-05,
            -5.41265667704029e-05,
            -3.6586535938142896e-05,
            -3.705700673389844e-05,
            1.6142464364534532e-05,
            -5.343105861775505e-06,
            0.00015284497308819776,
            3.0100287900758422e-05,
            -0.0001684222244498065,
            2.474898652806562e-05,
            -7.497960963497637e-05,
            -0.00013819848368198218,
            0.00026767941045239066,
            -0.0005652635483957003,
            -1.7124049825150388e-08,
            0.0,
            1.515666641318141e-17
        ],
        [
            0.0001,
            0.0001,
            0.0001,
            0.0001,
            0.0001,
            0.0001,
            0.0001,
            0.0001,
            0.0001,
            0.0001,
            0.00010589647097924381,
            0.0001,
            0.0001,
            0.0001,
            0.0001,
            0.0001,
            0.0001,
            0.0001,
            0.0001,
            0.0001,
            0.0001,
            0.0001,
            0.0001,
            0.0001,
            0.0001,
            0.0001,
            0.0001,
            0.0001,
            0.0001,
            0.0001,
            0.0001,
            0.0001
        ],
        [
            21.763819486697827,
            21.335023360441568,
            20.904258821230794,
            20.47162661444114,
            20.03651794240391,
            19.598297850830015,
            19.15632302778639,
            18.710181599284486,
            18.25845952568332,
            17.800202298860114,
            17.335204401598446,
            16.862333214688743,
            16.380275627935696,
            15.887315356265633,
            15.383193291213326,
            14.864450097156285,
            14.328803486798938,
            13.778589412425147,
            13.205690419942147,
            12.606730144255177,
            11.97870546050373,
            11.313505379105258,
            10.600218709684569,
            9.83939544743173,
            8.994158764508,
            8.044839269827833,
            6.922768581146888,
            5.462238023108719,
            0.0001,
            0.0001,
            0.0001,
            0.0001
        ]
    ],
    "bIsPerturbative": true,
    "UltraSoftTemp": 154.0,
    "failureReason": null
}