{
    "T": [
        100.0,
        102.0,
        104.0,
        106.0,
        108.0,
        110.0,
        112.0,
        114.0,
        116.0,
        118.0,
        120.0,
        122.0,
        124.0,
        126.0,
        128.0,
        130.0,
        132.0,
        134.0,
        136.0,
        138.0,
        140.0,
        142.0,
        144.0,
        146.0,
        148.0,
        150.0,
        152.0,
        154.0,
        156.0,
        158.0
    ],
    "valueVeffReal": [
        -610256.2789794467,
        -575852.0854679067,
        -542863.5090730734,
        -511280.7920208827,
        -481097.00410021556,
        -452307.86058169056,
        -424911.5447187089,
        -398908.59905445983,
        -374301.79716038797,
        -351096.0656458614,
        -329298.4204486205,
        -308917.93276941864,
        -289965.7065125524,
        -272454.92286944273,
        -256400.85994698489,
        -241821.01311470085,
        -228735.33358213972,
        -217166.3218658522,
        -207139.56476189938,
        -198684.26251043222,
        -191834.10103102072,
        -186628.77899295054,
        -183116.603040585,
        -181359.69000762145,
        -181446.47309844106,
        -183537.47842585598,
        -187889.65955117418,
        -192786.26834954694,
        -197885.56246947037,
        -203183.73558126838
    ],
    "valueVeffImag": [
        null,
        null,
        null,
        null,
        null,
        null,
        null,
        null,
        null,
        null,
        null,
        null,
        null,
        null,
        null,
        null,
        null,
        null,
        null,
        null,
        null,
        null,
        null,
        null,
        null,
        null,
        null,
        null,
        null,
        null
    ],
    "complex": false,
    "minimumLocation": [
        [
            -0.00014892704143781507,
            5.0526482594430086e-05,
            6.4882063334969695e-06,
            6.242111281667961e-06,
            -0.00023476821697158284,
            -0.00022686249031165368,
            -0.00036593749860480007,
            0.0003473400658356822,
            9.12763689736723e-05,
            -4.692387148204705e-06,
            0.0006888950271013213,
            1.9860349986036696e-06,
            -0.0005065976766486374,
            -0.00013262793267948547,
            -1.739248417897965e-06,
            0.0017331794034442655,
            0.00020818747340407926,
            -0.00023503014421746848,
            -0.000337409466647183,
            5.865035533325017e-05,
            -6.249186532202716e-06,
            -6.313861097340112e-06,
            0.0004677882252536944,
            -1.2275625912155398e-05,
            1.4448662038167581e-06,
            -2.3881389427313215e-05,
            -6.0649278084332764e-05,
            1.4532093647739996e-06,
            0.0,
            0.0
        ],
        [
            0.0001,
            0.0001,
            0.0001,
            0.0001,
            0.0001,
            0.0001,
            0.0001,
            0.0001,
            0.0001,
            0.0001,
            0.0003415429095218646,
            0.0001,
            0.0001,
            0.0001,
            0.0001,
            0.0001,
            0.0001,
            0.0001,
            0.0001,
            0.0001,
            0.0001,
            0.0001,
            0.0001,
            0.0001,
            0.0001,
            0.0004233424750912651,
            0.0001,
            0.0001,
            0.0001,
            0.0001
        ],
        [
            21.535128785194726,
            21.080597209135306,
            20.62177899311192,
            20.15995016607859,
            19.693699126224256,
            19.22191853544277,
            18.743801625074067,
            18.25931768499554,
            17.7658686494388,
            17.262922634077167,
            16.748783873333355,
            16.223151928856243,
            15.683299875374889,
            15.125769338417133,
            14.55055547225246,
            13.95468200345183,
            13.32939741113511,
            12.675923982038324,
            11.986306658826575,
            11.248076512294505,
            10.453487486990166,
            9.584117497830341,
            8.60916013660948,
            7.475514931398409,
            6.061194801899735,
            3.89792346692471,
            0.0001,
            0.0001,
            0.0001,
            0.0001
        ]
    ],
    "bIsPerturbative": true,
    "UltraSoftTemp": 138.0,
    "failureReason": null
}