{
    "T": [
        100.0,
        102.0,
        104.0,
        106.0,
        108.0,
        110.0,
        112.0,
        114.0,
        116.0,
        118.0,
        120.0,
        122.0,
        124.0,
        126.0,
        128.0,
        130.0,
        132.0,
        134.0,
        136.0,
        138.0,
        140.0,
        142.0,
        144.0,
        146.0,
        148.0,
        150.0,
        152.0,
        154.0,
        156.0,
        158.0
    ],
    "valueVeffReal": [
        -610256.2741048771,
        -575852.0835340623,
        -542863.5072001558,
        -511280.7902565229,
        -481097.000021023,
        -452307.8589839084,
        -424911.5432141116,
        -398908.59773340146,
        -374301.7840693997,
        -351096.06351400644,
        -329298.4213030603,
        -308917.93170318747,
        -289965.7069019805,
        -272454.921748778,
        -256400.85909988955,
        -241821.02646431126,
        -228735.331784366,
        -217166.32152043935,
        -207139.5683803186,
        -198684.26204618654,
        -191834.09982100222,
        -186628.7786645949,
        -183116.60278392295,
        -181359.68784212577,
        -181446.47298096935,
        -183537.4637852909,
        -187889.65941833056,
        -192786.2683895181,
        -197885.5625137644,
        -203183.73563020153
    ],
    "valueVeffImag": [
        null,
        null,
        null,
        null,
        null,
        null,
        null,
        null,
        null,
        null,
        null,
        null,
        null,
        null,
        null,
        null,
        null,
        null,
        null,
        null,
        null,
        null,
        null,
        null,
        null,
        null,
        null,
        null,
        null,
        null
    ],
    "complex": false,
    "minimumLocation": [
        [
            0.0005427015654758671,
            5.052645148467122e-05,
            6.4881207633930155e-06,
            -1.950274934007113e-06,
            -0.0009559505121600059,
            -0.00022686081839453504,
            -0.000365938278108474,
            0.00029880252408207193,
            0.0003688383834411363,
            -5.2714793538369276e-05,
            -0.00028892286981683363,
            1.9881347185085607e-06,
            3.3814739467882826e-06,
            -2.189784191366541e-05,
            -4.070417100799327e-06,
            0.00029032926203707843,
            0.0006398489888754313,
            8.242872298165616e-05,
            -0.00031912268838978075,
            -2.4470447133606577e-06,
            0.0005252726076986573,
            -6.300145273863134e-06,
            0.00046779149443462037,
            -0.0006713640924378948,
            4.037891711920587e-06,
            -0.00038520741760593794,
            -0.0002178624449575041,
            1.4532097452474302e-06,
            0.0,
            0.0
        ],
        [
            0.0001,
            0.0001,
            0.0001,
            0.0001,
            0.0001,
            0.0001,
            0.0001,
            0.0001,
            0.0001,
            0.0001,
            0.0001,
            0.0001,
            0.0001,
            0.0001,
            0.0001,
            0.00030892093117987395,
            0.0001,
            0.0001,
            0.0001,
            0.0001,
            0.00024800893662725343,
            0.0001,
            0.0001,
            0.0001,
            0.0001,
            0.0018383179749968492,
            0.0001,
            0.0001,
            0.0001,
            0.0001
        ],
        [
            21.53571503644713,
            21.080597178246006,
            20.621778961704777,
            20.159926273163972,
            19.693598437734472,
            19.22191850468289,
            18.743801592886673,
            18.25930325270042,
            17.76390025432405,
            17.262415174981196,
            16.749072016283854,
            16.223151884091408,
            15.68282165189687,
            15.126619664111367,
            14.550553615538634,
            13.952416317775752,
            13.329823591053373,
            12.675608625740761,
            11.984598956599996,
            11.248130085290834,
            10.453972721592939,
            9.584117458236994,
            8.609160146699068,
            7.476450897878707,
            6.061389496331352,
            3.9004083628173505,
            0.0001,
            0.0001,
            0.0001,
            0.0001
        ]
    ],
    "bIsPerturbative": true,
    "UltraSoftTemp": 138.0,
    "failureReason": null
}