{
    "T": [
        100.0,
        102.0,
        104.0,
        106.0,
        108.0,
        110.0,
        112.0,
        114.0,
        116.0,
        118.0,
        120.0,
        122.0,
        124.0,
        126.0,
        128.0,
        130.0,
        132.0,
        134.0,
        136.0,
        138.0,
        140.0,
        142.0,
        144.0,
        146.0,
        148.0,
        150.0,
        152.0,
        154.0,
        156.0,
        158.0
    ],
    "valueVeffReal": [
        -580862.9058001625,
        -546387.1235865173,
        -513318.3633937307,
        -481646.12978023675,
        -451362.7289467853,
        -422463.0808944963,
        -394944.5449433522,
        -368806.8033989216,
        -344051.7365867543,
        -320683.33936008473,
        -298707.65574392164,
        -278132.7331277571,
        -258968.61499947123,
        -241227.35166091792,
        -224923.03410339128,
        -210071.9198123082,
        -196692.55716276338,
        -184806.04181241518,
        -174436.36439440737,
        -165610.9566394011,
        -158361.52836703294,
        -152725.43966200695,
        -148748.10868341415,
        -146487.71436856146,
        -146026.22577137,
        -147506.96703984245,
        -151263.12837147238,
        -155734.47249550803,
        -160407.54079975348,
        -165277.3348325988
    ],
    "valueVeffImag": [
        null,
        null,
        null,
        null,
        null,
        null,
        null,
        null,
        null,
        null,
        null,
        null,
        null,
        null,
        null,
        null,
        null,
        null,
        null,
        null,
        null,
        null,
        null,
        null,
        null,
        null,
        null,
        null,
        null,
        null
    ],
    "complex": false,
    "minimumLocation": [
        [
            7.363071502702878e-06,
            0.0001391066543781072,
            0.0007415082396428139,
            -0.0004406414764407292,
            -6.124017403698681e-05,
            4.461755398647155e-06,
            0.0001106631306624431,
            0.00017769933128189766,
            4.4124443575862415e-05,
            -2.60545854258859e-06,
            0.0005517673318196103,
            -2.7505626810659517e-06,
            -5.911097898552049e-05,
            4.054782627208736e-05,
            -0.00022923197865620804,
            6.107427607315863e-06,
            0.00016789027435396226,
            -1.7251177959989872e-05,
            5.292736843563045e-05,
            -7.227944415638676e-05,
            -3.982137336857455e-05,
            0.00019170720168371416,
            0.0004331372913817938,
            -1.4130012045053542e-05,
            8.859503712020309e-05,
            4.9229987454647156e-05,
            0.00031736304330261256,
            1.654805472641027e-06,
            0.0,
            1.4807850056545737e-06
        ],
        [
            0.0001,
            0.0001,
            0.0001,
            0.0001,
            0.0001,
            0.0001,
            0.0001,
            0.0001,
            0.0001,
            0.0001,
            0.0001,
            0.0001,
            0.0001,
            0.0001,
            0.0001,
            0.0001,
            0.0001,
            0.0001,
            0.0001,
            0.0001,
            0.0001,
            0.0001,
            0.00019784499041932384,
            0.0001,
            0.0001,
            0.0001,
            0.0001,
            0.0001,
            0.0001,
            0.0001
        ],
        [
            21.521631013861562,
            21.068390075552948,
            20.610569600272477,
            20.149910620561307,
            19.684587698112818,
            19.214335833921265,
            18.738178450034983,
            18.25489016703717,
            17.763506910444686,
            17.262949611368036,
            16.751841094640405,
            16.228960537960145,
            15.69145246662391,
            15.1383148574159,
            14.567964902767228,
            13.97404801964971,
            13.356203848209626,
            12.708533512564864,
            12.02511723180341,
            11.297614741005232,
            10.514746183173175,
            9.65926760757771,
            8.704283972272265,
            7.60013943694152,
            6.2368156712625495,
            4.243395541068987,
            0.0001,
            0.0001,
            0.0001,
            0.0001
        ]
    ],
    "bIsPerturbative": true,
    "UltraSoftTemp": 142.0,
    "failureReason": null
}