{
    "T": [
        100.0,
        102.0,
        104.0,
        106.0,
        108.0,
        110.0,
        112.0,
        114.0,
        116.0,
        118.0,
        120.0,
        122.0,
        124.0,
        126.0,
        128.0,
        130.0,
        132.0,
        134.0,
        136.0,
        138.0,
        140.0,
        142.0,
        144.0,
        146.0,
        148.0,
        150.0,
        152.0,
        154.0,
        156.0,
        158.0
    ],
    "valueVeffReal": [
        -580862.9037244061,
        -546387.1260942104,
        -513318.36149394524,
        -481646.127988604,
        -451362.7270208297,
        -422463.0792726739,
        -394944.5434158258,
        -368806.80140012427,
        -344051.7352250322,
        -320683.3380771012,
        -298707.6553059089,
        -278132.7320637948,
        -258968.61394903332,
        -241227.35070676604,
        -224923.03323656484,
        -210071.9190258315,
        -196692.55643953936,
        -184806.04047307174,
        -174436.36383274538,
        -165610.95614370453,
        -158361.5279492457,
        -152725.43932391537,
        -148748.10841423017,
        -146487.71417410078,
        -146026.2263835311,
        -147506.96700773342,
        -151263.1276467032,
        -155734.4725188343,
        -160407.54084371417,
        -165277.33488145805
    ],
    "valueVeffImag": [
        null,
        null,
        null,
        null,
        null,
        null,
        null,
        null,
        null,
        null,
        null,
        null,
        null,
        null,
        null,
        null,
        null,
        null,
        null,
        null,
        null,
        null,
        null,
        null,
        null,
        null,
        null,
        null,
        null,
        null
    ],
    "complex": false,
    "minimumLocation": [
        [
            2.9336269043910013e-05,
            1.0543639974755492e-05,
            0.0007415668355853344,
            -0.00044099791199542476,
            -0.00014523165426098134,
            4.484431756835924e-06,
            0.00010985291324146912,
            0.00043259255400053716,
            4.364283143302582e-05,
            -2.6050545657019253e-06,
            1.830288282489434e-06,
            0.000361560388275034,
            0.00013887395360400248,
            4.054787492747264e-05,
            -0.00022914798141233927,
            6.106757520350781e-06,
            0.00016793386392533307,
            -5.596062688824127e-05,
            5.292512138035943e-05,
            -7.252988465475396e-05,
            -3.983974929073174e-05,
            0.00019091882438111718,
            0.00043312480243808127,
            -1.3182542791062568e-05,
            -0.00020592484515533083,
            3.783592359680489e-05,
            -0.0005644874341667553,
            -6.814766328826216e-05,
            1.469767956611032e-06,
            1.4807849985347525e-06
        ],
        [
            0.0001,
            0.0001,
            0.0001,
            0.0001,
            0.0002993657746477282,
            0.0001,
            0.0001,
            0.0001,
            0.0001,
            0.0001,
            0.0001,
            0.0001,
            0.0001,
            0.0001,
            0.0001,
            0.0001,
            0.0001,
            0.0001,
            0.0001,
            0.0001,
            0.0001,
            0.0001,
            0.00019784147345089343,
            0.0001,
            0.0001,
            0.0001,
            0.00014694926570118065,
            0.0001,
            0.0001,
            0.0001
        ],
        [
            21.52161184420567,
            21.067385094301134,
            20.610569538805066,
            20.149911043119342,
            19.68456273473438,
            19.214335680298635,
            18.73817880899712,
            18.254618037328942,
            17.76350202369685,
            17.262949580406676,
            16.751799757396235,
            16.22830399627466,
            15.691391499326446,
            15.138314824440197,
            14.567965426135771,
            13.974047987956933,
            13.356203825517593,
            12.709160495933729,
            12.025117193477026,
            11.297613260743598,
            10.514746108993664,
            9.659276365911644,
            8.704283918242233,
            7.600137487813342,
            6.239110781444444,
            4.243399233094203,
            0.0001,
            0.0001,
            0.0001,
            0.0001
        ]
    ],
    "bIsPerturbative": true,
    "UltraSoftTemp": 142.0,
    "failureReason": null
}