{
    "T": [
        100.0,
        102.0,
        104.0,
        106.0,
        108.0,
        110.0,
        112.0,
        114.0,
        116.0,
        118.0,
        120.0,
        122.0,
        124.0,
        126.0,
        128.0,
        130.0,
        132.0,
        134.0,
        136.0,
        138.0,
        140.0,
        142.0,
        144.0,
        146.0,
        148.0,
        150.0,
        152.0,
        154.0,
        156.0,
        158.0
    ],
    "valueVeffReal": [
        -580862.9057720827,
        -546387.1278600112,
        -513318.3633937307,
        -481646.12978023617,
        -451362.72881880746,
        -422463.0808944963,
        -394944.5449433521,
        -368806.80340338056,
        -344051.73658678046,
        -320683.33936008473,
        -298707.6557442186,
        -278132.73312775634,
        -258968.61362248522,
        -241227.3516672466,
        -224923.0341033958,
        -210071.91981261544,
        -196692.55712343327,
        -184806.0418124129,
        -174436.36439440734,
        -165610.95663940057,
        -158361.52836703297,
        -152725.43966213663,
        -148748.10868341418,
        -146487.7143685629,
        -146026.22577137162,
        -147506.9670398425,
        -151263.12837539418,
        -155734.4724955081,
        -160407.54079976058,
        -165277.33483259147
    ],
    "valueVeffImag": [
        null,
        null,
        null,
        null,
        null,
        null,
        null,
        null,
        null,
        null,
        null,
        null,
        null,
        null,
        null,
        null,
        null,
        null,
        null,
        null,
        null,
        null,
        null,
        null,
        null,
        null,
        null,
        null,
        null,
        null
    ],
    "complex": false,
    "minimumLocation": [
        [
            -0.0001102894543237587,
            0.0002886406600372442,
            0.0007415082425781434,
            -0.0004406415744211021,
            -0.00021444878910949813,
            4.461770693749145e-06,
            0.00011066282153732176,
            0.00017235494437846865,
            4.414260107383724e-05,
            -2.6054633390608373e-06,
            0.0005516565521135582,
            -2.75042529500856e-06,
            0.000319883937670469,
            5.43663666125252e-06,
            -0.00022923205453243,
            2.3610664918218005e-06,
            -0.00011105675080307076,
            -1.7261377797034294e-05,
            5.2927370621548564e-05,
            -7.227988219082881e-05,
            -3.9821337104071e-05,
            0.00019167526423036207,
            0.00043313728543763197,
            -1.4126485442432501e-05,
            8.859478271191351e-05,
            4.9229753722263014e-05,
            0.00031545103803248126,
            1.655411600311055e-06,
            1.160607450055584e-06,
            0.0
        ],
        [
            0.0001,
            0.0001,
            0.0001,
            0.0001,
            0.0001,
            0.0001,
            0.0001,
            0.0001,
            0.0001,
            0.0001,
            0.0001,
            0.0001,
            0.0001,
            0.0001,
            0.0001,
            0.0001,
            0.0001,
            0.0001,
            0.0001,
            0.0001,
            0.0001,
            0.0001,
            0.00019784498971295333,
            0.0001,
            0.0001,
            0.0001,
            0.0001,
            0.0001,
            0.0001,
            0.0001
        ],
        [
            21.52161520828748,
            21.067313441639858,
            20.61056960027188,
            20.149910620668585,
            19.684642492023244,
            19.21433583383626,
            18.73817845018221,
            18.254889807979385,
            17.763507110560685,
            17.26294961135405,
            16.751841103279066,
            16.228960538328117,
            15.69075121450499,
            15.138343497359866,
            14.567964901812939,
            13.974069162228592,
            13.356370386135636,
            12.708533653240778,
            12.025117231805677,
            11.297614738412324,
            10.514746183240135,
            9.659267939533235,
            8.704283972263697,
            7.600139429127219,
            6.236815672497083,
            4.243395540960891,
            0.0001,
            0.0001,
            0.0001,
            0.0001
        ]
    ],
    "bIsPerturbative": true,
    "UltraSoftTemp": 142.0,
    "failureReason": null
}