{
    "T": [
        100.0,
        102.0,
        104.0,
        106.0,
        108.0,
        110.0,
        112.0,
        114.0,
        116.0,
        118.0,
        120.0,
        122.0,
        124.0,
        126.0,
        128.0,
        130.0,
        132.0,
        134.0,
        136.0,
        138.0,
        140.0,
        142.0,
        144.0,
        146.0,
        148.0,
        150.0,
        152.0,
        154.0,
        156.0,
        158.0
    ],
    "valueVeffReal": [
        -629799.9830672255,
        -595488.8969877574,
        -562596.8109262735,
        -531114.083255369,
        -501033.88919889985,
        -472352.051163645,
        -445066.8623999666,
        -419178.96741913864,
        -394691.24345941126,
        -371608.7198313605,
        -349938.50911276846,
        -329689.7702442333,
        -310873.7017683914,
        -293503.5608304394,
        -277594.68971984356,
        -263164.7037711652,
        -250233.5217811535,
        -238823.7423075265,
        -228960.96088849896,
        -220674.36303541093,
        -213997.6037102247,
        -208970.28330833244,
        -205640.5311193764,
        -204070.12089373142,
        -204346.7840302224,
        -206628.98846200694,
        -211173.67510340823,
        -216272.13807773954,
        -221573.98479876705,
        -227075.74842084927
    ],
    "valueVeffImag": [
        null,
        null,
        null,
        null,
        null,
        null,
        null,
        null,
        null,
        null,
        null,
        null,
        null,
        null,
        null,
        null,
        null,
        null,
        null,
        null,
        null,
        null,
        null,
        null,
        null,
        null,
        null,
        null,
        null,
        null
    ],
    "complex": false,
    "minimumLocation": [
        [
            1.1247449602583282e-06,
            -0.00048371323112071304,
            0.0007739757116908118,
            -0.00045390836253779605,
            0.0002480318952972904,
            -0.00034134348241932067,
            4.17306355221872e-06,
            1.391803566445915e-06,
            -0.00035795434909222275,
            5.682192847081963e-06,
            -0.00036116261248473475,
            -0.00010578680419620623,
            0.0001195821925466644,
            0.00010203418108104337,
            0.00013857023368841342,
            -6.0846132609516934e-05,
            -5.181941382061822e-05,
            -0.00020369015664461337,
            0.00029938925574148414,
            -2.1202536716653842e-06,
            0.0001547156705740127,
            -3.8936994121208796e-05,
            2.1153351040931884e-05,
            7.069690881039443e-05,
            0.00023401311453568946,
            -0.00040821380656665737,
            -6.8165393044151285e-06,
            1.345517632620093e-06,
            0.0,
            0.0
        ],
        [
            0.0001,
            0.0004945854943114681,
            0.0001,
            0.0001,
            0.0001,
            0.0003752574129285355,
            0.00023121701416584572,
            0.0001,
            0.0001,
            0.0001,
            0.0001,
            0.0001,
            0.0001,
            0.0001,
            0.001630720048970129,
            0.0001,
            0.0001,
            0.0001,
            0.0005230699309837198,
            0.0001,
            0.0001,
            0.0001,
            0.0001,
            0.0001,
            0.0001,
            0.0001,
            0.0001,
            0.0001,
            0.0001,
            0.0001
        ],
        [
            21.532773787119854,
            21.07750708681705,
            20.619010216087236,
            20.157261701729887,
            19.690154458667802,
            19.21859998322492,
            18.74045744801226,
            18.255027987600982,
            17.76162449661885,
            17.258284567767436,
            16.744473696904542,
            16.21783470190839,
            15.677199492864272,
            15.120059964408727,
            14.543016605699991,
            13.946536641723883,
            13.322868152837556,
            12.668723745405277,
            11.977298796726007,
            11.240551502702937,
            10.446318901900835,
            9.575618216719821,
            8.601895914132786,
            7.468934536345478,
            6.059816845200062,
            3.9032237244761756,
            0.0001,
            0.0001,
            0.0001,
            0.0001
        ]
    ],
    "bIsPerturbative": true,
    "UltraSoftTemp": 138.0,
    "failureReason": null
}