{
    "T": [
        100.0,
        102.0,
        104.0,
        106.0,
        108.0,
        110.0,
        112.0,
        114.0,
        116.0,
        118.0,
        120.0,
        122.0,
        124.0,
        126.0,
        128.0,
        130.0,
        132.0,
        134.0,
        136.0,
        138.0,
        140.0,
        142.0,
        144.0,
        146.0,
        148.0,
        150.0,
        152.0,
        154.0,
        156.0,
        158.0
    ],
    "valueVeffReal": [
        -629799.9850994044,
        -595488.8980514491,
        -562596.812787539,
        -531114.0831102119,
        -501033.8911900221,
        -472352.0535437127,
        -445066.85288116976,
        -419178.9622258254,
        -394691.24109610234,
        -371608.7210832527,
        -349938.5102689616,
        -329689.771302797,
        -310873.7027592885,
        -293503.5611481064,
        -277594.7037463215,
        -263164.70453505643,
        -250233.52249280462,
        -238823.74290130378,
        -228960.96270517923,
        -220674.36350047955,
        -213997.60399823094,
        -208970.2834624112,
        -205640.5313733451,
        -204070.12107436516,
        -204346.78413442374,
        -206628.98848476794,
        -211173.67506737463,
        -216272.13803747343,
        -221573.98475426948,
        -227075.74837178926
    ],
    "valueVeffImag": [
        null,
        null,
        null,
        null,
        null,
        null,
        null,
        null,
        null,
        null,
        null,
        null,
        null,
        null,
        null,
        null,
        null,
        null,
        null,
        null,
        null,
        null,
        null,
        null,
        null,
        null,
        null,
        null,
        null,
        null
    ],
    "complex": false,
    "minimumLocation": [
        [
            1.1247941092973335e-06,
            -0.000612234019298722,
            0.0007739601535229641,
            -0.0002237402030132456,
            0.00012238622193536108,
            -1.597659728686928e-05,
            0.0015766265353076014,
            -0.0006814112045084864,
            -0.0006352250856433983,
            4.580988807412374e-06,
            -0.0003611788642699249,
            -0.00010579140480726501,
            0.00011964789704411657,
            8.566115156384492e-05,
            3.252005699089233e-06,
            -6.0847365630792294e-05,
            -6.1972508515195646e-06,
            9.470235134662833e-05,
            2.2304348322319673e-05,
            4.447984910635472e-05,
            -1.9592981264623943e-05,
            -0.000340727922919587,
            2.1153670955393125e-05,
            7.069803480416921e-05,
            0.00023401231806144222,
            -0.0004080136156288487,
            -6.816549090017578e-06,
            1.345492703436435e-06,
            0.0,
            0.0
        ],
        [
            0.0001,
            0.0006121998413943126,
            0.0001,
            0.0009254852318890547,
            0.0001,
            0.0001,
            0.0001,
            0.00123243650230621,
            0.0001,
            0.0001,
            0.0001,
            0.0001,
            0.0001,
            0.00045485187340652683,
            0.0001,
            0.0001,
            0.0001,
            0.00026238476253585147,
            0.0001,
            0.0001,
            0.0001,
            0.0001,
            0.0001,
            0.0001,
            0.0001,
            0.0001,
            0.0001,
            0.0001,
            0.0001,
            0.0001
        ],
        [
            21.532773818295325,
            21.07749999550843,
            20.619010230237066,
            20.15705012958441,
            19.69051060773138,
            19.218365053916457,
            18.739436393996034,
            18.255114068141953,
            17.76235186382504,
            17.258258944489555,
            16.744473765293815,
            16.21783471537364,
            15.677199485056288,
            15.120173729808732,
            14.54458746392295,
            13.946536674331755,
            13.322755716474664,
            12.668466284943479,
            11.977340522449785,
            11.240461696115132,
            10.446650581080828,
            9.575836760782336,
            8.601895960147212,
            7.468934579275448,
            6.059816868839114,
            3.903223780279439,
            0.0001,
            0.0001,
            0.0001,
            0.0001
        ]
    ],
    "bIsPerturbative": true,
    "UltraSoftTemp": 138.0,
    "failureReason": null
}