{
    "failureReason": null,
    "bIsPerturbative": true,
    "complexMin": false,
    "jumpsv1": [],
    "jumpsv2": [],
    "jumpsv3": [
        [
            -0.8084807180954923,
            50.0
        ],
        [
            -0.6120528609601523,
            60.0
        ],
        [
            -0.4895457154019298,
            70.0
        ],
        [
            -0.40999684783035883,
            80.0
        ]
    ],
    "strong": 0.808480718084406,
    "UltraSoftTemp": null,
    "bmNumber": 1,
    "bmInput": {
        "thetaCPV": 2.0943951023931953,
        "ghDM": 0.0,
        "mS1": 67,
        "delta12": 4.0,
        "delta1c": 50.0,
        "deltac": 1.0,
        "darkHieracy": 1
    },
    "step": 1
}