{
    "T": [
        50.0,
        60.0,
        70.0,
        80.0,
        90.0
    ],
    "valueVeffReal": [
        -2055240.6409022734,
        -1635165.5564694903,
        -1296258.8125708343,
        -1015115.1435611132,
        -779479.5403735618
    ],
    "valueVeffImag": [
        null,
        null,
        null,
        null,
        null
    ],
    "complex": false,
    "minimumLocation": [
        [
            1e-06,
            1e-06,
            1e-06,
            1e-06,
            1e-06
        ],
        [
            1e-06,
            1e-06,
            1e-06,
            1e-06,
            1e-06
        ],
        [
            33.98559814719035,
            30.966529370343544,
            28.32732172295242,
            25.90421694742368,
            23.586097718511148
        ]
    ],
    "bIsPerturbative": true,
    "UltraSoftTemp": null,
    "failureReason": null
}