{
    "T": [
        50.0,
        60.0,
        70.0,
        80.0,
        90.0
    ],
    "valueVeffReal": [
        -2055240.6409022734,
        -1635165.5564694898,
        -1296258.812570834,
        -1015115.1435611129,
        -779479.5403735617
    ],
    "valueVeffImag": [
        null,
        null,
        null,
        null,
        null
    ],
    "complex": false,
    "minimumLocation": [
        [
            1e-06,
            1e-06,
            1e-06,
            1e-06,
            1e-06
        ],
        [
            1e-06,
            1e-06,
            1e-06,
            1e-06,
            1e-06
        ],
        [
            33.98559813724234,
            30.966529464803312,
            28.327321710691884,
            25.90421698395904,
            23.58609771663098
        ]
    ],
    "bIsPerturbative": true,
    "UltraSoftTemp": null,
    "failureReason": null
}