{
    "T": [
        50.0,
        60.0,
        70.0,
        80.0,
        90.0
    ],
    "valueVeffReal": [
        -2055240.6408686303,
        -1635165.5556456526,
        -1296258.8125151948,
        -1015115.1431219623,
        -779479.5345462312
    ],
    "valueVeffImag": [
        null,
        null,
        null,
        null,
        null
    ],
    "complex": false,
    "minimumLocation": [
        [
            4.1531828364459525e-05,
            -9.733702638048403e-05,
            1.787632960736918e-05,
            0.00011653086623792872,
            0.0009312367090086506
        ],
        [
            0.0001116125363471109,
            0.0001,
            0.0001,
            0.0001344856824571563,
            0.0011575212063538245
        ],
        [
            33.985585140446425,
            30.96687850904246,
            28.32725001378875,
            25.904474083665768,
            23.586272313546665
        ]
    ],
    "bIsPerturbative": true,
    "UltraSoftTemp": null,
    "failureReason": null
}