{
    "T": [
        50.0,
        60.0,
        70.0,
        80.0,
        90.0
    ],
    "valueVeffReal": [
        -2055240.6408686254,
        -1635165.555645653,
        -1296258.8125425617,
        -1015115.143121962,
        -779479.5347636149
    ],
    "valueVeffImag": [
        null,
        null,
        null,
        null,
        null
    ],
    "complex": false,
    "minimumLocation": [
        [
            4.153325219283851e-05,
            -9.733777994502812e-05,
            -3.586955430785483e-05,
            0.00011653065654246807,
            0.0009097029507034952
        ],
        [
            0.00011162133945139116,
            0.0001,
            0.0001,
            0.00013448571169415825,
            0.0011457065725020213
        ],
        [
            33.985585138574336,
            30.966878508696016,
            28.32732857576191,
            25.90447408391535,
            23.586243038832755
        ]
    ],
    "bIsPerturbative": true,
    "UltraSoftTemp": null,
    "failureReason": null
}